date,area,area_type,population,cases,cumulative_cases,deaths,cumulative_deaths,total_tests,cumulative_total_tests,positive_tests,cumulative_positive_tests,reported_cases,cumulative_reported_cases,reported_deaths,cumulative_reported_deaths,reported_tests
2020-02-01,Santa Clara,County,1967585.0,2.0,2.0,0.0,0.0,1.0,1,0.0,0,1.0,1.0,0.0,0.0,
2020-02-02,Santa Clara,County,1967585.0,0.0,2.0,0.0,0.0,2.0,3,0.0,0,1.0,2.0,0.0,0.0,
2020-02-03,Santa Clara,County,1967585.0,0.0,2.0,0.0,0.0,1.0,4,0.0,0,0.0,2.0,0.0,0.0,
2020-02-04,Santa Clara,County,1967585.0,0.0,2.0,0.0,0.0,0.0,4,0.0,0,0.0,2.0,0.0,0.0,
2020-02-05,Santa Clara,County,1967585.0,0.0,2.0,0.0,0.0,1.0,5,0.0,0,0.0,2.0,0.0,0.0,
2020-02-06,Santa Clara,County,1967585.0,2.0,4.0,1.0,1.0,2.0,7,0.0,0,0.0,2.0,0.0,0.0,
2020-02-07,Santa Clara,County,1967585.0,0.0,4.0,0.0,1.0,1.0,8,0.0,0,0.0,2.0,0.0,0.0,
2020-02-08,Santa Clara,County,1967585.0,0.0,4.0,0.0,1.0,1.0,9,0.0,0,0.0,2.0,0.0,0.0,
2020-02-09,Santa Clara,County,1967585.0,0.0,4.0,0.0,1.0,1.0,10,0.0,0,0.0,2.0,0.0,0.0,
2020-02-10,Santa Clara,County,1967585.0,1.0,5.0,0.0,1.0,0.0,10,0.0,0,0.0,2.0,0.0,0.0,
2020-02-11,Santa Clara,County,1967585.0,0.0,5.0,0.0,1.0,0.0,10,0.0,0,0.0,2.0,0.0,0.0,
2020-02-12,Santa Clara,County,1967585.0,1.0,6.0,0.0,1.0,0.0,10,0.0,0,0.0,2.0,0.0,0.0,
2020-02-13,Santa Clara,County,1967585.0,1.0,7.0,0.0,1.0,0.0,10,0.0,0,0.0,2.0,0.0,0.0,
2020-02-14,Santa Clara,County,1967585.0,1.0,8.0,0.0,1.0,0.0,10,0.0,0,0.0,2.0,0.0,0.0,
2020-02-15,Santa Clara,County,1967585.0,2.0,10.0,0.0,1.0,0.0,10,0.0,0,0.0,2.0,0.0,0.0,
2020-02-16,Santa Clara,County,1967585.0,0.0,10.0,0.0,1.0,2.0,12,0.0,0,0.0,2.0,0.0,0.0,
2020-02-17,Santa Clara,County,1967585.0,2.0,12.0,1.0,2.0,0.0,12,0.0,0,0.0,2.0,0.0,0.0,
2020-02-18,Santa Clara,County,1967585.0,2.0,14.0,0.0,2.0,0.0,12,0.0,0,0.0,2.0,0.0,0.0,
2020-02-19,Santa Clara,County,1967585.0,1.0,15.0,0.0,2.0,1.0,13,0.0,0,0.0,2.0,0.0,0.0,
2020-02-20,Santa Clara,County,1967585.0,2.0,17.0,0.0,2.0,1.0,14,0.0,0,0.0,2.0,0.0,0.0,
2020-02-21,Santa Clara,County,1967585.0,4.0,21.0,0.0,2.0,1.0,15,0.0,0,0.0,2.0,0.0,0.0,
2020-02-22,Santa Clara,County,1967585.0,2.0,23.0,0.0,2.0,2.0,17,0.0,0,0.0,2.0,0.0,0.0,
2020-02-23,Santa Clara,County,1967585.0,3.0,26.0,0.0,2.0,1.0,18,0.0,0,0.0,2.0,0.0,0.0,
2020-02-24,Santa Clara,County,1967585.0,12.0,38.0,0.0,2.0,0.0,18,0.0,0,0.0,2.0,0.0,0.0,
2020-02-25,Santa Clara,County,1967585.0,2.0,40.0,0.0,2.0,0.0,18,0.0,0,0.0,2.0,0.0,0.0,
2020-02-26,Santa Clara,County,1967585.0,10.0,50.0,0.0,2.0,4.0,22,3.0,3,0.0,2.0,0.0,0.0,
2020-02-27,Santa Clara,County,1967585.0,9.0,59.0,0.0,2.0,0.0,22,0.0,3,0.0,2.0,0.0,0.0,
2020-02-28,Santa Clara,County,1967585.0,11.0,70.0,0.0,2.0,5.0,27,2.0,5,1.0,3.0,0.0,0.0,
2020-02-29,Santa Clara,County,1967585.0,5.0,75.0,0.0,2.0,15.0,42,12.0,17,0.0,3.0,0.0,0.0,
2020-03-01,Santa Clara,County,1967585.0,22.0,97.0,0.0,2.0,4.0,46,0.0,17,3.0,6.0,0.0,0.0,
2020-03-02,Santa Clara,County,1967585.0,13.0,110.0,0.0,2.0,11.0,57,10.0,27,1.0,7.0,0.0,0.0,
2020-03-03,Santa Clara,County,1967585.0,22.0,132.0,0.0,2.0,10.0,67,5.0,32,4.0,11.0,0.0,0.0,
2020-03-04,Santa Clara,County,1967585.0,15.0,147.0,0.0,2.0,19.0,86,12.0,44,1.0,12.0,0.0,0.0,
2020-03-05,Santa Clara,County,1967585.0,17.0,164.0,0.0,2.0,17.0,103,9.0,53,2.0,14.0,0.0,0.0,
2020-03-06,Santa Clara,County,1967585.0,24.0,188.0,1.0,3.0,22.0,125,15.0,68,6.0,20.0,0.0,0.0,
2020-03-07,Santa Clara,County,1967585.0,18.0,206.0,0.0,3.0,17.0,142,16.0,84,11.0,31.0,0.0,0.0,
2020-03-08,Santa Clara,County,1967585.0,30.0,236.0,0.0,3.0,21.0,163,13.0,97,5.0,36.0,0.0,0.0,
2020-03-09,Santa Clara,County,1967585.0,42.0,278.0,2.0,5.0,87.0,250,35.0,132,6.0,42.0,1.0,1.0,
2020-03-10,Santa Clara,County,1967585.0,44.0,322.0,0.0,5.0,110.0,360,30.0,162,3.0,45.0,0.0,1.0,
2020-03-11,Santa Clara,County,1967585.0,48.0,370.0,0.0,5.0,188.0,548,42.0,204,3.0,48.0,0.0,1.0,
2020-03-12,Santa Clara,County,1967585.0,40.0,410.0,0.0,5.0,325.0,873,34.0,238,3.0,51.0,0.0,1.0,
2020-03-13,Santa Clara,County,1967585.0,58.0,468.0,1.0,6.0,498.0,1371,65.0,303,8.0,59.0,0.0,1.0,
2020-03-14,Santa Clara,County,1967585.0,62.0,530.0,0.0,6.0,304.0,1675,67.0,370,3.0,62.0,1.0,2.0,
2020-03-15,Santa Clara,County,1967585.0,56.0,586.0,1.0,7.0,265.0,1940,40.0,410,17.0,79.0,0.0,2.0,
2020-03-16,Santa Clara,County,1967585.0,72.0,658.0,0.0,7.0,578.0,2518,44.0,454,36.0,115.0,0.0,2.0,
2020-03-17,Santa Clara,County,1967585.0,80.0,738.0,3.0,10.0,505.0,3023,54.0,508,6.0,121.0,2.0,4.0,
2020-03-18,Santa Clara,County,1967585.0,58.0,796.0,0.0,10.0,539.0,3562,40.0,548,30.0,151.0,2.0,6.0,
2020-03-19,Santa Clara,County,1967585.0,51.0,847.0,0.0,10.0,430.0,3992,30.0,578,32.0,183.0,2.0,8.0,
2020-03-20,Santa Clara,County,1967585.0,67.0,914.0,2.0,12.0,377.0,4369,37.0,615,63.0,246.0,0.0,8.0,
2020-03-21,Santa Clara,County,1967585.0,37.0,951.0,2.0,14.0,281.0,4650,40.0,655,23.0,269.0,2.0,10.0,
2020-03-22,Santa Clara,County,1967585.0,62.0,1013.0,2.0,16.0,411.0,5061,60.0,715,15.0,284.0,3.0,13.0,
2020-03-23,Santa Clara,County,1967585.0,64.0,1077.0,5.0,21.0,924.0,5985,105.0,820,52.0,336.0,0.0,13.0,
2020-03-24,Santa Clara,County,1967585.0,49.0,1126.0,1.0,22.0,835.0,6820,99.0,919,53.0,389.0,4.0,17.0,
2020-03-25,Santa Clara,County,1967585.0,69.0,1195.0,7.0,29.0,713.0,7533,94.0,1013,63.0,452.0,3.0,20.0,
2020-03-26,Santa Clara,County,1967585.0,44.0,1239.0,0.0,29.0,687.0,8220,102.0,1115,35.0,487.0,0.0,20.0,
2020-03-27,Santa Clara,County,1967585.0,45.0,1284.0,1.0,30.0,800.0,9020,92.0,1207,70.0,557.0,5.0,25.0,
2020-03-28,Santa Clara,County,1967585.0,38.0,1322.0,2.0,32.0,447.0,9467,65.0,1272,617.0,1174.0,29.0,54.0,
2020-03-29,Santa Clara,County,1967585.0,19.0,1341.0,2.0,34.0,260.0,9727,34.0,1306,-583.0,591.0,-24.0,30.0,
2020-03-30,Santa Clara,County,1967585.0,57.0,1398.0,2.0,36.0,805.0,10532,105.0,1411,154.0,745.0,1.0,31.0,
2020-03-31,Santa Clara,County,1967585.0,31.0,1429.0,1.0,37.0,691.0,11223,81.0,1492,32.0,777.0,-1.0,30.0,
2020-04-01,Santa Clara,County,1967585.0,50.0,1479.0,3.0,40.0,631.0,11854,75.0,1567,28.0,805.0,3.0,33.0,
2020-04-02,Santa Clara,County,1967585.0,42.0,1521.0,2.0,42.0,605.0,12459,78.0,1645,103.0,908.0,5.0,38.0,
2020-04-03,Santa Clara,County,1967585.0,51.0,1572.0,1.0,43.0,610.0,13069,73.0,1718,75.0,983.0,1.0,39.0,
2020-04-04,Santa Clara,County,1967585.0,36.0,1608.0,2.0,45.0,304.0,13373,50.0,1768,62.0,1045.0,0.0,39.0,
2020-04-05,Santa Clara,County,1967585.0,52.0,1660.0,2.0,47.0,279.0,13652,69.0,1837,7.0,1052.0,3.0,42.0,
2020-04-06,Santa Clara,County,1967585.0,48.0,1708.0,1.0,48.0,736.0,14388,75.0,1912,76.0,1128.0,1.0,43.0,
2020-04-07,Santa Clara,County,1967585.0,53.0,1761.0,1.0,49.0,686.0,15074,47.0,1959,65.0,1193.0,3.0,46.0,
2020-04-08,Santa Clara,County,1967585.0,69.0,1830.0,2.0,51.0,693.0,15767,90.0,2049,64.0,1257.0,1.0,47.0,
2020-04-09,Santa Clara,County,1967585.0,45.0,1875.0,4.0,55.0,719.0,16486,89.0,2138,44.0,1301.0,2.0,49.0,
2020-04-10,Santa Clara,County,1967585.0,70.0,1945.0,1.0,56.0,863.0,17349,114.0,2252,50.0,1351.0,1.0,50.0,
2020-04-11,Santa Clara,County,1967585.0,52.0,1997.0,5.0,61.0,366.0,17715,81.0,2333,90.0,1441.0,1.0,51.0,
2020-04-12,Santa Clara,County,1967585.0,59.0,2056.0,6.0,67.0,318.0,18033,38.0,2371,20.0,1461.0,2.0,53.0,
2020-04-13,Santa Clara,County,1967585.0,28.0,2084.0,1.0,68.0,676.0,18709,57.0,2428,79.0,1540.0,5.0,58.0,
2020-04-14,Santa Clara,County,1967585.0,46.0,2130.0,2.0,70.0,693.0,19402,59.0,2487,21.0,1561.0,5.0,63.0,
2020-04-15,Santa Clara,County,1967585.0,33.0,2163.0,4.0,74.0,595.0,19997,44.0,2531,131.0,1692.0,6.0,69.0,
2020-04-16,Santa Clara,County,1967585.0,39.0,2202.0,3.0,77.0,654.0,20651,51.0,2582,97.0,1789.0,1.0,70.0,
2020-04-17,Santa Clara,County,1967585.0,37.0,2239.0,5.0,82.0,617.0,21268,58.0,2640,45.0,1834.0,4.0,74.0,
2020-04-18,Santa Clara,County,1967585.0,36.0,2275.0,4.0,86.0,375.0,21643,19.0,2659,28.0,1862.0,5.0,79.0,
2020-04-19,Santa Clara,County,1967585.0,33.0,2308.0,2.0,88.0,240.0,21883,30.0,2689,16.0,1878.0,2.0,81.0,
2020-04-20,Santa Clara,County,1967585.0,45.0,2353.0,5.0,93.0,974.0,22857,46.0,2735,42.0,1920.0,3.0,84.0,
2020-04-21,Santa Clara,County,1967585.0,31.0,2384.0,3.0,96.0,1102.0,23959,51.0,2786,23.0,1943.0,7.0,91.0,
2020-04-22,Santa Clara,County,1967585.0,50.0,2434.0,3.0,99.0,1384.0,25343,80.0,2866,26.0,1969.0,4.0,95.0,
2020-04-23,Santa Clara,County,1967585.0,16.0,2450.0,1.0,100.0,1198.0,26541,32.0,2898,27.0,1996.0,0.0,95.0,
2020-04-24,Santa Clara,County,1967585.0,35.0,2485.0,1.0,101.0,1497.0,28038,62.0,2960,30.0,2026.0,3.0,98.0,
2020-04-25,Santa Clara,County,1967585.0,43.0,2528.0,1.0,102.0,741.0,28779,52.0,3012,19.0,2045.0,1.0,99.0,
2020-04-26,Santa Clara,County,1967585.0,22.0,2550.0,3.0,105.0,520.0,29299,26.0,3038,52.0,2097.0,3.0,102.0,
2020-04-27,Santa Clara,County,1967585.0,23.0,2573.0,2.0,107.0,1314.0,30613,57.0,3095,7.0,2104.0,3.0,105.0,
2020-04-28,Santa Clara,County,1967585.0,25.0,2598.0,2.0,109.0,1510.0,32123,62.0,3157,26.0,2130.0,1.0,106.0,
2020-04-29,Santa Clara,County,1967585.0,34.0,2632.0,1.0,110.0,2285.0,34408,85.0,3242,17.0,2147.0,2.0,108.0,
2020-04-30,Santa Clara,County,1967585.0,27.0,2659.0,3.0,113.0,1371.0,35779,34.0,3276,25.0,2172.0,3.0,111.0,
2020-05-01,Santa Clara,County,1967585.0,40.0,2699.0,2.0,115.0,2144.0,37923,49.0,3325,4.0,2176.0,1.0,112.0,
2020-05-02,Santa Clara,County,1967585.0,12.0,2711.0,3.0,118.0,809.0,38732,21.0,3346,27.0,2203.0,3.0,115.0,
2020-05-03,Santa Clara,County,1967585.0,10.0,2721.0,2.0,120.0,876.0,39608,17.0,3363,32.0,2235.0,1.0,116.0,
2020-05-04,Santa Clara,County,1967585.0,37.0,2758.0,4.0,124.0,1784.0,41392,62.0,3425,3.0,2238.0,3.0,119.0,
2020-05-05,Santa Clara,County,1967585.0,15.0,2773.0,0.0,124.0,1668.0,43060,50.0,3475,11.0,2249.0,5.0,124.0,945.0
2020-05-06,Santa Clara,County,1967585.0,46.0,2819.0,2.0,126.0,2096.0,45156,65.0,3540,21.0,2270.0,3.0,127.0,1566.0
2020-05-07,Santa Clara,County,1967585.0,17.0,2836.0,0.0,126.0,2221.0,47377,46.0,3586,11.0,2281.0,0.0,127.0,1425.0
2020-05-08,Santa Clara,County,1967585.0,38.0,2874.0,1.0,127.0,2053.0,49430,42.0,3628,4.0,2285.0,1.0,128.0,1822.0
2020-05-09,Santa Clara,County,1967585.0,23.0,2897.0,1.0,128.0,701.0,50131,51.0,3679,32.0,2317.0,0.0,128.0,1951.0
2020-05-10,Santa Clara,County,1967585.0,14.0,2911.0,0.0,128.0,443.0,50574,5.0,3684,14.0,2331.0,1.0,129.0,1593.0
2020-05-11,Santa Clara,County,1967585.0,27.0,2938.0,2.0,130.0,2207.0,52781,48.0,3732,9.0,2340.0,0.0,129.0,1734.0
2020-05-12,Santa Clara,County,1967585.0,17.0,2955.0,1.0,131.0,1821.0,54602,33.0,3765,22.0,2362.0,2.0,131.0,1416.0
2020-05-13,Santa Clara,County,1967585.0,30.0,2985.0,1.0,132.0,2045.0,56647,53.0,3818,8.0,2370.0,1.0,132.0,1640.0
2020-05-14,Santa Clara,County,1967585.0,20.0,3005.0,1.0,133.0,1775.0,58422,29.0,3847,10.0,2380.0,2.0,134.0,1564.0
2020-05-15,Santa Clara,County,1967585.0,23.0,3028.0,1.0,134.0,2069.0,60491,38.0,3885,15.0,2395.0,1.0,135.0,2232.0
2020-05-16,Santa Clara,County,1967585.0,43.0,3071.0,1.0,135.0,899.0,61390,22.0,3907,25.0,2420.0,0.0,135.0,2870.0
2020-05-17,Santa Clara,County,1967585.0,18.0,3089.0,0.0,135.0,671.0,62061,10.0,3917,33.0,2453.0,0.0,135.0,3255.0
2020-05-18,Santa Clara,County,1967585.0,38.0,3127.0,0.0,135.0,2530.0,64591,54.0,3971,15.0,2468.0,2.0,137.0,2604.0
2020-05-19,Santa Clara,County,1967585.0,33.0,3160.0,0.0,135.0,2719.0,67310,58.0,4029,12.0,2480.0,1.0,138.0,1899.0
2020-05-20,Santa Clara,County,1967585.0,50.0,3210.0,0.0,135.0,2718.0,70028,51.0,4080,28.0,2508.0,0.0,138.0,2136.0
2020-05-21,Santa Clara,County,1967585.0,21.0,3231.0,1.0,136.0,2980.0,73008,27.0,4107,12.0,2520.0,0.0,138.0,2296.0
2020-05-22,Santa Clara,County,1967585.0,23.0,3254.0,0.0,136.0,3238.0,76246,44.0,4151,17.0,2537.0,1.0,139.0,2143.0
2020-05-23,Santa Clara,County,1967585.0,21.0,3275.0,0.0,136.0,1197.0,77443,19.0,4170,56.0,2593.0,0.0,139.0,2630.0
2020-05-24,Santa Clara,County,1967585.0,14.0,3289.0,0.0,136.0,644.0,78087,3.0,4173,30.0,2623.0,0.0,139.0,2125.0
2020-05-25,Santa Clara,County,1967585.0,20.0,3309.0,1.0,137.0,1101.0,79188,16.0,4189,24.0,2647.0,0.0,139.0,2332.0
2020-05-26,Santa Clara,County,1967585.0,33.0,3342.0,0.0,137.0,3326.0,82514,52.0,4241,12.0,2659.0,0.0,139.0,1848.0
2020-05-27,Santa Clara,County,1967585.0,32.0,3374.0,0.0,137.0,3930.0,86444,62.0,4303,21.0,2680.0,1.0,140.0,2313.0
2020-05-28,Santa Clara,County,1967585.0,33.0,3407.0,2.0,139.0,3166.0,89610,35.0,4338,18.0,2698.0,0.0,140.0,1372.0
2020-05-29,Santa Clara,County,1967585.0,40.0,3447.0,0.0,139.0,3745.0,93355,54.0,4392,9.0,2707.0,1.0,141.0,2525.0
2020-05-30,Santa Clara,County,1967585.0,28.0,3475.0,0.0,139.0,1432.0,94787,18.0,4410,34.0,2741.0,0.0,141.0,2728.0
2020-05-31,Santa Clara,County,1967585.0,16.0,3491.0,2.0,141.0,875.0,95662,14.0,4424,44.0,2785.0,1.0,142.0,2720.0
2020-06-01,Santa Clara,County,1967585.0,44.0,3535.0,1.0,142.0,2831.0,98493,38.0,4462,12.0,2797.0,0.0,142.0,2976.0
2020-06-02,Santa Clara,County,1967585.0,38.0,3573.0,1.0,143.0,3210.0,101703,36.0,4498,22.0,2819.0,2.0,144.0,3016.0
2020-06-03,Santa Clara,County,1967585.0,50.0,3623.0,0.0,143.0,2676.0,104379,62.0,4560,17.0,2836.0,0.0,144.0,2451.0
2020-06-04,Santa Clara,County,1967585.0,42.0,3665.0,0.0,143.0,3313.0,107692,41.0,4601,35.0,2871.0,0.0,144.0,3942.0
2020-06-05,Santa Clara,County,1967585.0,34.0,3699.0,1.0,144.0,3144.0,110836,42.0,4643,31.0,2902.0,0.0,144.0,3116.0
2020-06-06,Santa Clara,County,1967585.0,35.0,3734.0,0.0,144.0,1645.0,112481,19.0,4662,32.0,2934.0,0.0,144.0,3236.0
2020-06-07,Santa Clara,County,1967585.0,41.0,3775.0,0.0,144.0,1099.0,113580,21.0,4683,13.0,2947.0,2.0,146.0,3428.0
2020-06-08,Santa Clara,County,1967585.0,52.0,3827.0,0.0,144.0,3317.0,116897,52.0,4735,24.0,2971.0,0.0,146.0,2343.0
2020-06-09,Santa Clara,County,1967585.0,46.0,3873.0,1.0,145.0,3831.0,120728,50.0,4785,35.0,3006.0,1.0,147.0,2461.0
2020-06-10,Santa Clara,County,1967585.0,68.0,3941.0,1.0,146.0,4144.0,124872,79.0,4864,26.0,3032.0,2.0,149.0,2126.0
2020-06-11,Santa Clara,County,1967585.0,51.0,3992.0,0.0,146.0,4332.0,129204,56.0,4920,17.0,3049.0,0.0,149.0,2940.0
2020-06-12,Santa Clara,County,1967585.0,67.0,4059.0,1.0,147.0,4768.0,133972,90.0,5010,50.0,3099.0,0.0,149.0,2854.0
2020-06-13,Santa Clara,County,1967585.0,44.0,4103.0,0.0,147.0,1664.0,135636,28.0,5038,42.0,3141.0,-1.0,148.0,3728.0
2020-06-14,Santa Clara,County,1967585.0,43.0,4146.0,0.0,147.0,1276.0,136912,18.0,5056,37.0,3178.0,0.0,148.0,3250.0
2020-06-15,Santa Clara,County,1967585.0,95.0,4241.0,0.0,147.0,3786.0,140698,77.0,5133,26.0,3204.0,0.0,148.0,3851.0
2020-06-16,Santa Clara,County,1967585.0,100.0,4341.0,0.0,147.0,5955.0,146653,110.0,5243,24.0,3228.0,0.0,148.0,2617.0
2020-06-17,Santa Clara,County,1967585.0,111.0,4452.0,0.0,147.0,6037.0,152690,106.0,5349,36.0,3264.0,0.0,148.0,2572.0
2020-06-18,Santa Clara,County,1967585.0,93.0,4545.0,0.0,147.0,6261.0,158951,111.0,5460,74.0,3338.0,4.0,152.0,3541.0
2020-06-19,Santa Clara,County,1967585.0,103.0,4648.0,1.0,148.0,5518.0,164469,120.0,5580,38.0,3376.0,2.0,154.0,4264.0
2020-06-20,Santa Clara,County,1967585.0,74.0,4722.0,1.0,149.0,2438.0,166907,64.0,5644,59.0,3435.0,0.0,154.0,4322.0
2020-06-21,Santa Clara,County,1967585.0,74.0,4796.0,0.0,149.0,1029.0,167936,43.0,5687,79.0,3514.0,0.0,154.0,4971.0
2020-06-22,Santa Clara,County,1967585.0,138.0,4934.0,0.0,149.0,4488.0,172424,122.0,5809,66.0,3580.0,1.0,155.0,3517.0
2020-06-23,Santa Clara,County,1967585.0,163.0,5097.0,2.0,151.0,6922.0,179346,196.0,6005,120.0,3700.0,0.0,155.0,3699.0
2020-06-24,Santa Clara,County,1967585.0,146.0,5243.0,1.0,152.0,8568.0,187914,170.0,6175,112.0,3812.0,0.0,155.0,3481.0
2020-06-25,Santa Clara,County,1967585.0,131.0,5374.0,1.0,153.0,9051.0,196965,142.0,6317,59.0,3871.0,1.0,156.0,3498.0
2020-06-26,Santa Clara,County,1967585.0,149.0,5523.0,0.0,153.0,8489.0,205454,164.0,6481,97.0,3968.0,0.0,156.0,4025.0
2020-06-27,Santa Clara,County,1967585.0,101.0,5624.0,0.0,153.0,3662.0,209116,136.0,6617,38.0,4006.0,1.0,157.0,5127.0
2020-06-28,Santa Clara,County,1967585.0,106.0,5730.0,0.0,153.0,1760.0,210876,85.0,6702,125.0,4131.0,-1.0,156.0,4770.0
2020-06-29,Santa Clara,County,1967585.0,162.0,5892.0,2.0,155.0,6634.0,217510,161.0,6863,100.0,4231.0,1.0,157.0,4879.0
2020-06-30,Santa Clara,County,1967585.0,172.0,6064.0,0.0,155.0,8564.0,226074,241.0,7104,115.0,4346.0,0.0,157.0,4979.0
2020-07-01,Santa Clara,County,1967585.0,202.0,6266.0,0.0,155.0,9390.0,235464,235.0,7339,201.0,4547.0,2.0,159.0,6070.0
2020-07-02,Santa Clara,County,1967585.0,187.0,6453.0,1.0,156.0,8125.0,243589,229.0,7568,175.0,4722.0,1.0,160.0,6128.0
2020-07-03,Santa Clara,County,1967585.0,126.0,6579.0,1.0,157.0,3794.0,247383,97.0,7665,98.0,4820.0,1.0,161.0,6373.0
2020-07-04,Santa Clara,County,1967585.0,113.0,6692.0,2.0,159.0,1399.0,248782,86.0,7751,225.0,5045.0,0.0,161.0,7202.0
2020-07-05,Santa Clara,County,1967585.0,191.0,6883.0,3.0,162.0,1980.0,250762,110.0,7861,192.0,5237.0,1.0,162.0,7377.0
2020-07-06,Santa Clara,County,1967585.0,292.0,7175.0,2.0,164.0,7488.0,258250,276.0,8137,132.0,5369.0,3.0,165.0,6728.0
2020-07-07,Santa Clara,County,1967585.0,271.0,7446.0,2.0,166.0,9000.0,267250,316.0,8453,69.0,5438.0,-1.0,164.0,4006.0
2020-07-08,Santa Clara,County,1967585.0,269.0,7715.0,0.0,166.0,9298.0,276548,326.0,8779,72.0,5510.0,0.0,164.0,4077.0
2020-07-09,Santa Clara,County,1967585.0,233.0,7948.0,5.0,171.0,9156.0,285704,322.0,9101,128.0,5638.0,0.0,164.0,4559.0
2020-07-10,Santa Clara,County,1967585.0,257.0,8205.0,0.0,171.0,8778.0,294482,288.0,9389,181.0,5819.0,0.0,164.0,5888.0
2020-07-11,Santa Clara,County,1967585.0,224.0,8429.0,0.0,171.0,3892.0,298374,217.0,9606,140.0,5959.0,0.0,164.0,7785.0
2020-07-12,Santa Clara,County,1967585.0,159.0,8588.0,1.0,172.0,2426.0,300800,145.0,9751,293.0,6252.0,0.0,164.0,6427.0
2020-07-13,Santa Clara,County,1967585.0,238.0,8826.0,1.0,173.0,7494.0,308294,246.0,9997,236.0,6488.0,0.0,164.0,6916.0
2020-07-14,Santa Clara,County,1967585.0,323.0,9149.0,2.0,175.0,9831.0,318125,392.0,10389,198.0,6686.0,0.0,164.0,4372.0
2020-07-15,Santa Clara,County,1967585.0,328.0,9477.0,1.0,176.0,10779.0,328904,424.0,10813,214.0,6900.0,0.0,164.0,7860.0
2020-07-16,Santa Clara,County,1967585.0,304.0,9781.0,2.0,178.0,8834.0,337738,384.0,11197,90.0,6990.0,0.0,164.0,4625.0
2020-07-17,Santa Clara,County,1967585.0,280.0,10061.0,1.0,179.0,8826.0,346564,359.0,11556,90.0,7080.0,0.0,164.0,6518.0
2020-07-18,Santa Clara,County,1967585.0,218.0,10279.0,2.0,181.0,3905.0,350469,192.0,11748,175.0,7255.0,0.0,164.0,5785.0
2020-07-19,Santa Clara,County,1967585.0,150.0,10429.0,1.0,182.0,1780.0,352249,105.0,11853,148.0,7403.0,0.0,164.0,6185.0
2020-07-20,Santa Clara,County,1967585.0,244.0,10673.0,1.0,183.0,6696.0,358945,239.0,12092,308.0,7711.0,0.0,164.0,5177.0
2020-07-21,Santa Clara,County,1967585.0,229.0,10902.0,1.0,184.0,8296.0,367241,344.0,12436,278.0,7989.0,0.0,164.0,3783.0
2020-07-22,Santa Clara,County,1967585.0,263.0,11165.0,1.0,185.0,9018.0,376259,297.0,12733,277.0,8266.0,2.0,166.0,5693.0
2020-07-23,Santa Clara,County,1967585.0,246.0,11411.0,3.0,188.0,8117.0,384376,302.0,13035,192.0,8458.0,-1.0,165.0,6605.0
2020-07-24,Santa Clara,County,1967585.0,218.0,11629.0,1.0,189.0,7583.0,391959,235.0,13270,200.0,8658.0,0.0,165.0,5474.0
2020-07-25,Santa Clara,County,1967585.0,165.0,11794.0,2.0,191.0,3306.0,395265,109.0,13379,109.0,8767.0,1.0,166.0,5524.0
2020-07-26,Santa Clara,County,1967585.0,134.0,11928.0,1.0,192.0,2126.0,397391,102.0,13481,219.0,8986.0,0.0,166.0,7441.0
2020-07-27,Santa Clara,County,1967585.0,229.0,12157.0,0.0,192.0,6597.0,403988,227.0,13708,171.0,9157.0,0.0,166.0,5390.0
2020-07-28,Santa Clara,County,1967585.0,269.0,12426.0,4.0,196.0,9433.0,413421,350.0,14058,150.0,9307.0,-1.0,165.0,4183.0
2020-07-29,Santa Clara,County,1967585.0,235.0,12661.0,0.0,196.0,9169.0,422590,321.0,14379,260.0,9567.0,0.0,165.0,7248.0
2020-07-30,Santa Clara,County,1967585.0,207.0,12868.0,3.0,199.0,8624.0,431214,295.0,14674,141.0,9708.0,5.0,170.0,7317.0
2020-07-31,Santa Clara,County,1967585.0,236.0,13104.0,1.0,200.0,8406.0,439620,303.0,14977,155.0,9863.0,1.0,171.0,3593.0
2020-08-01,Santa Clara,County,1967585.0,221.0,13325.0,2.0,202.0,4046.0,443666,202.0,15179,418.0,10281.0,0.0,171.0,5189.0
2020-08-02,Santa Clara,County,1967585.0,151.0,13476.0,2.0,204.0,2421.0,446087,107.0,15286,296.0,10577.0,1.0,172.0,5568.0
2020-08-03,Santa Clara,County,1967585.0,218.0,13694.0,3.0,207.0,7497.0,453584,211.0,15497,170.0,10747.0,0.0,172.0,6113.0
2020-08-04,Santa Clara,County,1967585.0,276.0,13970.0,3.0,210.0,9553.0,463137,321.0,15818,239.0,10986.0,3.0,175.0,4363.0
2020-08-05,Santa Clara,County,1967585.0,301.0,14271.0,1.0,211.0,9303.0,472440,363.0,16181,88.0,11074.0,1.0,176.0,3718.0
2020-08-06,Santa Clara,County,1967585.0,234.0,14505.0,0.0,211.0,8387.0,480827,276.0,16457,206.0,11280.0,2.0,178.0,3938.0
2020-08-07,Santa Clara,County,1967585.0,229.0,14734.0,0.0,211.0,7915.0,488742,278.0,16735,129.0,11409.0,2.0,180.0,4447.0
2020-08-08,Santa Clara,County,1967585.0,199.0,14933.0,0.0,211.0,3812.0,492554,244.0,16979,206.0,11615.0,1.0,181.0,5987.0
2020-08-09,Santa Clara,County,1967585.0,152.0,15085.0,1.0,212.0,2041.0,494595,118.0,17097,263.0,11878.0,0.0,181.0,7435.0
2020-08-10,Santa Clara,County,1967585.0,270.0,15355.0,0.0,212.0,8228.0,502823,262.0,17359,737.0,12615.0,1.0,182.0,9120.0
2020-08-11,Santa Clara,County,1967585.0,260.0,15615.0,2.0,214.0,8874.0,511697,359.0,17718,305.0,12920.0,1.0,183.0,5958.0
2020-08-12,Santa Clara,County,1967585.0,222.0,15837.0,1.0,215.0,9975.0,521672,320.0,18038,82.0,13002.0,-1.0,182.0,7800.0
2020-08-13,Santa Clara,County,1967585.0,176.0,16013.0,3.0,218.0,8991.0,530663,275.0,18313,255.0,13257.0,0.0,182.0,5319.0
2020-08-14,Santa Clara,County,1967585.0,223.0,16236.0,1.0,219.0,8217.0,538880,278.0,18591,528.0,13785.0,1.0,183.0,7349.0
2020-08-15,Santa Clara,County,1967585.0,166.0,16402.0,2.0,221.0,4014.0,542894,177.0,18768,320.0,14105.0,0.0,183.0,7189.0
2020-08-16,Santa Clara,County,1967585.0,96.0,16498.0,3.0,224.0,1801.0,544695,81.0,18849,224.0,14329.0,0.0,183.0,7017.0
2020-08-17,Santa Clara,County,1967585.0,198.0,16696.0,1.0,225.0,7404.0,552099,204.0,19053,217.0,14546.0,0.0,183.0,6483.0
2020-08-18,Santa Clara,County,1967585.0,221.0,16917.0,2.0,227.0,8602.0,560701,305.0,19358,240.0,14786.0,1.0,184.0,5908.0
2020-08-19,Santa Clara,County,1967585.0,173.0,17090.0,5.0,232.0,8192.0,568893,205.0,19563,208.0,14994.0,5.0,189.0,5846.0
2020-08-20,Santa Clara,County,1967585.0,146.0,17236.0,2.0,234.0,7191.0,576084,190.0,19753,168.0,15162.0,1.0,190.0,5192.0
2020-08-21,Santa Clara,County,1967585.0,172.0,17408.0,3.0,237.0,7325.0,583409,201.0,19954,237.0,15399.0,0.0,190.0,5283.0
2020-08-22,Santa Clara,County,1967585.0,152.0,17560.0,2.0,239.0,3966.0,587375,151.0,20105,191.0,15590.0,0.0,190.0,5836.0
2020-08-23,Santa Clara,County,1967585.0,108.0,17668.0,2.0,241.0,1796.0,589171,87.0,20192,322.0,15912.0,1.0,191.0,5545.0
2020-08-24,Santa Clara,County,1967585.0,195.0,17863.0,4.0,245.0,7384.0,596555,178.0,20370,137.0,16049.0,1.0,192.0,6969.0
2020-08-25,Santa Clara,County,1967585.0,204.0,18067.0,1.0,246.0,8657.0,605212,343.0,20713,150.0,16199.0,2.0,194.0,3763.0
2020-08-26,Santa Clara,County,1967585.0,173.0,18240.0,6.0,252.0,8940.0,614152,292.0,21005,84.0,16283.0,4.0,198.0,4073.0
2020-08-27,Santa Clara,County,1967585.0,177.0,18417.0,0.0,252.0,8199.0,622351,237.0,21242,212.0,16495.0,1.0,199.0,4662.0
2020-08-28,Santa Clara,County,1967585.0,183.0,18600.0,3.0,255.0,7918.0,630269,241.0,21483,201.0,16696.0,2.0,201.0,5643.0
2020-08-29,Santa Clara,County,1967585.0,131.0,18731.0,1.0,256.0,3977.0,634246,168.0,21651,202.0,16898.0,1.0,202.0,6283.0
2020-08-30,Santa Clara,County,1967585.0,97.0,18828.0,3.0,259.0,1975.0,636221,72.0,21723,147.0,17045.0,0.0,202.0,7625.0
2020-08-31,Santa Clara,County,1967585.0,176.0,19004.0,1.0,260.0,7342.0,643563,187.0,21910,166.0,17211.0,0.0,202.0,5241.0
2020-09-01,Santa Clara,County,1967585.0,189.0,19193.0,3.0,263.0,9184.0,652747,271.0,22181,108.0,17319.0,2.0,204.0,4888.0
2020-09-02,Santa Clara,County,1967585.0,179.0,19372.0,1.0,264.0,9265.0,662012,269.0,22450,354.0,17673.0,2.0,206.0,4672.0
2020-09-03,Santa Clara,County,1967585.0,154.0,19526.0,1.0,265.0,8405.0,670417,196.0,22646,206.0,17879.0,2.0,208.0,7036.0
2020-09-04,Santa Clara,County,1967585.0,180.0,19706.0,2.0,267.0,7684.0,678101,190.0,22836,195.0,18074.0,1.0,209.0,7415.0
2020-09-05,Santa Clara,County,1967585.0,108.0,19814.0,1.0,268.0,3578.0,681679,112.0,22948,237.0,18311.0,-2.0,207.0,6710.0
2020-09-06,Santa Clara,County,1967585.0,84.0,19898.0,4.0,272.0,1987.0,683666,64.0,23012,184.0,18495.0,0.0,207.0,5545.0
2020-09-07,Santa Clara,County,1967585.0,101.0,19999.0,0.0,272.0,2033.0,685699,55.0,23067,101.0,18596.0,19.0,226.0,5996.0
2020-09-08,Santa Clara,County,1967585.0,158.0,20157.0,4.0,276.0,12333.0,698032,216.0,23283,49.0,18645.0,2.0,228.0,3105.0
2020-09-09,Santa Clara,County,1967585.0,176.0,20333.0,0.0,276.0,10710.0,708742,243.0,23526,114.0,18759.0,0.0,228.0,2646.0
2020-09-10,Santa Clara,County,1967585.0,132.0,20465.0,1.0,277.0,9097.0,717839,191.0,23717,111.0,18870.0,3.0,231.0,3871.0
2020-09-11,Santa Clara,County,1967585.0,114.0,20579.0,2.0,279.0,8794.0,726633,159.0,23876,195.0,19065.0,3.0,234.0,5799.0
2020-09-12,Santa Clara,County,1967585.0,89.0,20668.0,1.0,280.0,3659.0,730292,102.0,23978,265.0,19330.0,3.0,237.0,7444.0
2020-09-13,Santa Clara,County,1967585.0,84.0,20752.0,5.0,285.0,1874.0,732166,33.0,24011,126.0,19456.0,8.0,245.0,7275.0
2020-09-14,Santa Clara,County,1967585.0,136.0,20888.0,4.0,289.0,7390.0,739556,149.0,24160,89.0,19545.0,2.0,247.0,6934.0
2020-09-15,Santa Clara,County,1967585.0,189.0,21077.0,3.0,292.0,10560.0,750116,252.0,24412,65.0,19610.0,5.0,252.0,3542.0
2020-09-16,Santa Clara,County,1967585.0,136.0,21213.0,0.0,292.0,9221.0,759337,169.0,24581,74.0,19684.0,1.0,253.0,4194.0
2020-09-17,Santa Clara,County,1967585.0,119.0,21332.0,2.0,294.0,9399.0,768736,220.0,24801,141.0,19825.0,1.0,254.0,4984.0
2020-09-18,Santa Clara,County,1967585.0,117.0,21449.0,0.0,294.0,9143.0,777879,165.0,24966,233.0,20058.0,-2.0,252.0,9074.0
2020-09-19,Santa Clara,County,1967585.0,98.0,21547.0,4.0,298.0,3941.0,781820,99.0,25065,112.0,20170.0,-1.0,251.0,7333.0
2020-09-20,Santa Clara,County,1967585.0,89.0,21636.0,1.0,299.0,2114.0,783934,60.0,25125,160.0,20330.0,1.0,252.0,6813.0
2020-09-21,Santa Clara,County,1967585.0,121.0,21757.0,1.0,300.0,8873.0,792807,146.0,25271,102.0,20432.0,0.0,252.0,6403.0
2020-09-22,Santa Clara,County,1967585.0,101.0,21858.0,2.0,302.0,10501.0,803308,172.0,25443,82.0,20514.0,1.0,253.0,3026.0
2020-09-23,Santa Clara,County,1967585.0,119.0,21977.0,2.0,304.0,11119.0,814427,164.0,25607,61.0,20575.0,7.0,260.0,3626.0
2020-09-24,Santa Clara,County,1967585.0,111.0,22088.0,2.0,306.0,9440.0,823867,145.0,25752,114.0,20689.0,2.0,262.0,4330.0
2020-09-25,Santa Clara,County,1967585.0,88.0,22176.0,0.0,306.0,8674.0,832541,121.0,25873,123.0,20812.0,3.0,265.0,6584.0
2020-09-26,Santa Clara,County,1967585.0,64.0,22240.0,4.0,310.0,3937.0,836478,79.0,25952,155.0,20967.0,5.0,270.0,7127.0
2020-09-27,Santa Clara,County,1967585.0,71.0,22311.0,4.0,314.0,2294.0,838772,58.0,26010,124.0,21091.0,1.0,271.0,7027.0
2020-09-28,Santa Clara,County,1967585.0,109.0,22420.0,2.0,316.0,8601.0,847373,98.0,26108,89.0,21180.0,0.0,271.0,6361.0
2020-09-29,Santa Clara,County,1967585.0,117.0,22537.0,2.0,318.0,10764.0,858137,173.0,26281,53.0,21233.0,31.0,302.0,3961.0
2020-09-30,Santa Clara,County,1967585.0,136.0,22673.0,3.0,321.0,11193.0,869330,143.0,26424,85.0,21318.0,0.0,302.0,3358.0
2020-10-01,Santa Clara,County,1967585.0,105.0,22778.0,0.0,321.0,8605.0,877935,148.0,26572,80.0,21398.0,3.0,305.0,4306.0
2020-10-02,Santa Clara,County,1967585.0,101.0,22879.0,2.0,323.0,9341.0,887276,144.0,26716,147.0,21545.0,0.0,305.0,6698.0
2020-10-03,Santa Clara,County,1967585.0,86.0,22965.0,2.0,325.0,4576.0,891852,86.0,26802,127.0,21672.0,4.0,309.0,7816.0
2020-10-04,Santa Clara,County,1967585.0,80.0,23045.0,3.0,328.0,2604.0,894456,56.0,26858,108.0,21780.0,7.0,316.0,6600.0
2020-10-05,Santa Clara,County,1967585.0,137.0,23182.0,2.0,330.0,10000.0,904456,97.0,26955,81.0,21861.0,3.0,319.0,6163.0
2020-10-06,Santa Clara,County,1967585.0,117.0,23299.0,1.0,331.0,12569.0,917025,168.0,27123,53.0,21914.0,1.0,320.0,4863.0
2020-10-07,Santa Clara,County,1967585.0,95.0,23394.0,0.0,331.0,11973.0,928998,158.0,27281,79.0,21993.0,0.0,320.0,3423.0
2020-10-08,Santa Clara,County,1967585.0,128.0,23522.0,5.0,336.0,10403.0,939401,144.0,27425,102.0,22095.0,3.0,323.0,5362.0
2020-10-09,Santa Clara,County,1967585.0,102.0,23624.0,1.0,337.0,9647.0,949048,139.0,27564,156.0,22251.0,5.0,328.0,6591.0
2020-10-10,Santa Clara,County,1967585.0,102.0,23726.0,0.0,337.0,4528.0,953576,102.0,27666,103.0,22354.0,2.0,330.0,7849.0
2020-10-11,Santa Clara,County,1967585.0,92.0,23818.0,3.0,340.0,2688.0,956264,50.0,27716,133.0,22487.0,6.0,336.0,6428.0
2020-10-12,Santa Clara,County,1967585.0,143.0,23961.0,2.0,342.0,9240.0,965504,140.0,27856,91.0,22578.0,7.0,343.0,6330.0
2020-10-13,Santa Clara,County,1967585.0,115.0,24076.0,0.0,342.0,12958.0,978462,171.0,28027,100.0,22678.0,0.0,343.0,4022.0
2020-10-14,Santa Clara,County,1967585.0,127.0,24203.0,1.0,343.0,12835.0,991297,148.0,28175,57.0,22735.0,0.0,343.0,4225.0
2020-10-15,Santa Clara,County,1967585.0,149.0,24352.0,2.0,345.0,11930.0,1003227,184.0,28359,73.0,22808.0,0.0,343.0,4562.0
2020-10-16,Santa Clara,County,1967585.0,116.0,24468.0,0.0,345.0,10956.0,1014183,126.0,28485,112.0,22920.0,2.0,345.0,7316.0
2020-10-17,Santa Clara,County,1967585.0,87.0,24555.0,0.0,345.0,5108.0,1019291,93.0,28578,77.0,22997.0,4.0,349.0,6518.0
2020-10-18,Santa Clara,County,1967585.0,89.0,24644.0,2.0,347.0,2803.0,1022094,50.0,28628,172.0,23169.0,3.0,352.0,7427.0
2020-10-19,Santa Clara,County,1967585.0,173.0,24817.0,2.0,349.0,11751.0,1033845,141.0,28769,132.0,23301.0,0.0,352.0,8029.0
2020-10-20,Santa Clara,County,1967585.0,150.0,24967.0,0.0,349.0,13777.0,1047622,234.0,29003,105.0,23406.0,6.0,358.0,4915.0
2020-10-21,Santa Clara,County,1967585.0,137.0,25104.0,4.0,353.0,12785.0,1060407,173.0,29176,131.0,23537.0,3.0,361.0,3751.0
2020-10-22,Santa Clara,County,1967585.0,126.0,25230.0,2.0,355.0,11681.0,1072088,151.0,29327,84.0,23621.0,2.0,363.0,6427.0
2020-10-23,Santa Clara,County,1967585.0,154.0,25384.0,4.0,359.0,11286.0,1083374,169.0,29496,201.0,23822.0,1.0,364.0,8462.0
2020-10-24,Santa Clara,County,1967585.0,102.0,25486.0,2.0,361.0,4816.0,1088190,70.0,29566,156.0,23978.0,1.0,365.0,9759.0
2020-10-25,Santa Clara,County,1967585.0,87.0,25573.0,1.0,362.0,2582.0,1090772,63.0,29629,109.0,24087.0,0.0,365.0,10948.0
2020-10-26,Santa Clara,County,1967585.0,188.0,25761.0,1.0,363.0,12653.0,1103425,160.0,29789,171.0,24258.0,0.0,365.0,6988.0
2020-10-27,Santa Clara,County,1967585.0,190.0,25951.0,2.0,365.0,14468.0,1117893,223.0,30012,110.0,24368.0,2.0,367.0,4594.0
2020-10-28,Santa Clara,County,1967585.0,142.0,26093.0,0.0,365.0,14394.0,1132287,181.0,30193,135.0,24503.0,8.0,375.0,4876.0
2020-10-29,Santa Clara,County,1967585.0,144.0,26237.0,1.0,366.0,12945.0,1145232,155.0,30348,111.0,24614.0,2.0,377.0,5662.0
2020-10-30,Santa Clara,County,1967585.0,152.0,26389.0,2.0,368.0,10921.0,1156153,158.0,30506,197.0,24811.0,1.0,378.0,7439.0
2020-10-31,Santa Clara,County,1967585.0,149.0,26538.0,1.0,369.0,4492.0,1160645,109.0,30615,146.0,24957.0,1.0,379.0,7447.0
2020-11-01,Santa Clara,County,1967585.0,168.0,26706.0,4.0,373.0,2534.0,1163179,50.0,30665,133.0,25090.0,7.0,386.0,9192.0
2020-11-02,Santa Clara,County,1967585.0,280.0,26986.0,4.0,377.0,11923.0,1175102,191.0,30856,132.0,25222.0,1.0,387.0,8452.0
2020-11-03,Santa Clara,County,1967585.0,290.0,27276.0,1.0,378.0,14102.0,1189204,276.0,31132,164.0,25386.0,6.0,393.0,5215.0
2020-11-04,Santa Clara,County,1967585.0,272.0,27548.0,6.0,384.0,14526.0,1203730,312.0,31444,101.0,25487.0,0.0,393.0,4955.0
2020-11-05,Santa Clara,County,1967585.0,263.0,27811.0,1.0,385.0,12614.0,1216344,278.0,31722,164.0,25651.0,9.0,402.0,6802.0
2020-11-06,Santa Clara,County,1967585.0,267.0,28078.0,2.0,387.0,12284.0,1228628,265.0,31987,180.0,25831.0,0.0,402.0,9224.0
2020-11-07,Santa Clara,County,1967585.0,242.0,28320.0,1.0,388.0,5221.0,1233849,227.0,32214,413.0,26244.0,8.0,410.0,7758.0
2020-11-08,Santa Clara,County,1967585.0,205.0,28525.0,3.0,391.0,3127.0,1236976,83.0,32297,198.0,26442.0,0.0,410.0,10528.0
2020-11-09,Santa Clara,County,1967585.0,374.0,28899.0,1.0,392.0,13078.0,1250054,287.0,32584,251.0,26693.0,-1.0,409.0,7599.0
2020-11-10,Santa Clara,County,1967585.0,395.0,29294.0,1.0,393.0,17221.0,1267275,464.0,33048,224.0,26917.0,0.0,409.0,6383.0
2020-11-11,Santa Clara,County,1967585.0,344.0,29638.0,2.0,395.0,13333.0,1280608,383.0,33431,158.0,27075.0,4.0,413.0,4905.0
2020-11-12,Santa Clara,County,1967585.0,353.0,29991.0,1.0,396.0,15334.0,1295942,479.0,33910,186.0,27261.0,1.0,414.0,5722.0
2020-11-13,Santa Clara,County,1967585.0,376.0,30367.0,1.0,397.0,14330.0,1310272,419.0,34329,348.0,27609.0,1.0,415.0,7564.0
2020-11-14,Santa Clara,County,1967585.0,327.0,30694.0,1.0,398.0,7120.0,1317392,310.0,34639,353.0,27962.0,1.0,416.0,8927.0
2020-11-15,Santa Clara,County,1967585.0,285.0,30979.0,4.0,402.0,3822.0,1321214,130.0,34769,327.0,28289.0,2.0,418.0,8729.0
2020-11-16,Santa Clara,County,1967585.0,454.0,31433.0,1.0,403.0,14498.0,1335712,323.0,35092,384.0,28673.0,1.0,419.0,8140.0
2020-11-17,Santa Clara,County,1967585.0,566.0,31999.0,7.0,410.0,19310.0,1355022,600.0,35692,340.0,29013.0,0.0,419.0,6699.0
2020-11-18,Santa Clara,County,1967585.0,547.0,32546.0,1.0,411.0,18470.0,1373492,614.0,36306,272.0,29285.0,2.0,421.0,6684.0
2020-11-19,Santa Clara,County,1967585.0,465.0,33011.0,4.0,415.0,19233.0,1392725,518.0,36824,345.0,29630.0,3.0,424.0,7418.0
2020-11-20,Santa Clara,County,1967585.0,558.0,33569.0,0.0,415.0,19091.0,1411816,557.0,37381,372.0,30002.0,7.0,431.0,11109.0
2020-11-21,Santa Clara,County,1967585.0,422.0,33991.0,3.0,418.0,8919.0,1420735,375.0,37756,375.0,30377.0,2.0,433.0,11186.0
2020-11-22,Santa Clara,County,1967585.0,384.0,34375.0,2.0,420.0,5803.0,1426538,275.0,38031,256.0,30633.0,1.0,434.0,10304.0
2020-11-23,Santa Clara,County,1967585.0,678.0,35053.0,1.0,421.0,20578.0,1447116,669.0,38700,431.0,31064.0,1.0,435.0,10939.0
2020-11-24,Santa Clara,County,1967585.0,650.0,35703.0,5.0,426.0,18189.0,1465305,699.0,39399,500.0,31564.0,3.0,438.0,7911.0
2020-11-25,Santa Clara,County,1967585.0,790.0,36493.0,3.0,429.0,17645.0,1482950,884.0,40283,468.0,32032.0,4.0,442.0,8117.0
2020-11-26,Santa Clara,County,1967585.0,447.0,36940.0,3.0,432.0,2372.0,1485322,185.0,40468,379.0,32411.0,4.0,446.0,8746.0
2020-11-27,Santa Clara,County,1967585.0,642.0,37582.0,2.0,434.0,10495.0,1495817,615.0,41083,524.0,32935.0,3.0,449.0,10810.0
2020-11-28,Santa Clara,County,1967585.0,675.0,38257.0,5.0,439.0,8479.0,1504296,617.0,41700,766.0,33701.0,0.0,449.0,9491.0
2020-11-29,Santa Clara,County,1967585.0,744.0,39001.0,4.0,443.0,7546.0,1511842,568.0,42268,533.0,34234.0,2.0,451.0,8197.0
2020-11-30,Santa Clara,County,1967585.0,1206.0,40207.0,3.0,446.0,19470.0,1531312,994.0,43262,785.0,35019.0,0.0,451.0,7717.0
2020-12-01,Santa Clara,County,1967585.0,1208.0,41415.0,5.0,451.0,21465.0,1552777,1386.0,44648,378.0,35397.0,1.0,452.0,5788.0
2020-12-02,Santa Clara,County,1967585.0,1257.0,42672.0,7.0,458.0,21802.0,1574579,1403.0,46051,481.0,35878.0,6.0,458.0,7639.0
2020-12-03,Santa Clara,County,1967585.0,1114.0,43786.0,10.0,468.0,20561.0,1595140,1308.0,47359,743.0,36621.0,7.0,465.0,7979.0
2020-12-04,Santa Clara,County,1967585.0,1196.0,44982.0,4.0,472.0,19656.0,1614796,1284.0,48643,844.0,37465.0,3.0,468.0,10644.0
2020-12-05,Santa Clara,County,1967585.0,920.0,45902.0,5.0,477.0,8974.0,1623770,889.0,49532,874.0,38339.0,6.0,474.0,12949.0
2020-12-06,Santa Clara,County,1967585.0,738.0,46640.0,7.0,484.0,5935.0,1629705,562.0,50094,773.0,39112.0,8.0,482.0,13873.0
2020-12-07,Santa Clara,County,1967585.0,1376.0,48016.0,11.0,495.0,21423.0,1651128,1319.0,51413,1509.0,40621.0,2.0,484.0,11749.0
2020-12-08,Santa Clara,County,1967585.0,1388.0,49404.0,6.0,501.0,21678.0,1672806,1622.0,53035,688.0,41309.0,0.0,484.0,8976.0
2020-12-09,Santa Clara,County,1967585.0,1307.0,50711.0,8.0,509.0,22726.0,1695532,1679.0,54714,1603.0,42912.0,5.0,489.0,10391.0
2020-12-10,Santa Clara,County,1967585.0,1148.0,51859.0,9.0,518.0,20174.0,1715706,1476.0,56190,1027.0,43939.0,2.0,491.0,8862.0
2020-12-11,Santa Clara,County,1967585.0,1138.0,52997.0,11.0,529.0,19040.0,1734746,1259.0,57449,1162.0,45101.0,3.0,494.0,11601.0
2020-12-12,Santa Clara,County,1967585.0,1006.0,54003.0,10.0,539.0,9432.0,1744178,921.0,58370,791.0,45892.0,4.0,498.0,10463.0
2020-12-13,Santa Clara,County,1967585.0,950.0,54953.0,7.0,546.0,8655.0,1752833,832.0,59202,2028.0,47920.0,1.0,499.0,13876.0
2020-12-14,Santa Clara,County,1967585.0,1426.0,56379.0,13.0,559.0,22656.0,1775489,1401.0,60603,1260.0,49180.0,3.0,502.0,11182.0
2020-12-15,Santa Clara,County,1967585.0,1562.0,57941.0,20.0,579.0,25109.0,1800598,2035.0,62638,1131.0,50311.0,3.0,505.0,12278.0
2020-12-16,Santa Clara,County,1967585.0,1435.0,59376.0,11.0,590.0,23848.0,1824446,1840.0,64478,1191.0,51502.0,18.0,523.0,10954.0
2020-12-17,Santa Clara,County,1967585.0,1242.0,60618.0,18.0,608.0,23114.0,1847560,1698.0,66176,1057.0,52559.0,4.0,527.0,11545.0
2020-12-18,Santa Clara,County,1967585.0,1168.0,61786.0,12.0,620.0,20375.0,1867935,1375.0,67551,1433.0,53992.0,12.0,539.0,14218.0
2020-12-19,Santa Clara,County,1967585.0,873.0,62659.0,21.0,641.0,9718.0,1877653,899.0,68450,1548.0,55540.0,19.0,558.0,14100.0
2020-12-20,Santa Clara,County,1967585.0,811.0,63470.0,15.0,656.0,9133.0,1886786,706.0,69156,1320.0,56860.0,8.0,566.0,15175.0
2020-12-21,Santa Clara,County,1967585.0,1408.0,64878.0,25.0,681.0,25328.0,1912114,1723.0,70879,839.0,57699.0,4.0,570.0,13897.0
2020-12-22,Santa Clara,County,1967585.0,1193.0,66071.0,19.0,700.0,23972.0,1936086,1644.0,72523,1493.0,59192.0,-1.0,569.0,10346.0
2020-12-23,Santa Clara,County,1967585.0,1167.0,67238.0,15.0,715.0,21779.0,1957865,1645.0,74168,1263.0,60455.0,10.0,579.0,11922.0
2020-12-24,Santa Clara,County,1967585.0,909.0,68147.0,15.0,730.0,11545.0,1969410,852.0,75020,1287.0,61742.0,12.0,591.0,13132.0
2020-12-25,Santa Clara,County,1967585.0,606.0,68753.0,21.0,751.0,2227.0,1971637,257.0,75277,1431.0,63173.0,21.0,612.0,16521.0
2020-12-26,Santa Clara,County,1967585.0,1110.0,69863.0,19.0,770.0,10188.0,1981825,1113.0,76390,1012.0,64185.0,6.0,618.0,15982.0
2020-12-27,Santa Clara,County,1967585.0,1069.0,70932.0,27.0,797.0,9039.0,1990864,913.0,77303,1103.0,65288.0,1.0,619.0,12093.0
2020-12-28,Santa Clara,County,1967585.0,1622.0,72554.0,19.0,816.0,24239.0,2015103,1974.0,79277,1130.0,66418.0,0.0,619.0,8979.0
2020-12-29,Santa Clara,County,1967585.0,1487.0,74041.0,21.0,837.0,22575.0,2037678,1993.0,81270,1163.0,67581.0,2.0,621.0,11486.0
2020-12-30,Santa Clara,County,1967585.0,1552.0,75593.0,20.0,857.0,21957.0,2059635,2088.0,83358,-363.0,67218.0,40.0,661.0,9167.0
2020-12-31,Santa Clara,County,1967585.0,1257.0,76850.0,19.0,876.0,14294.0,2073929,1297.0,84655,2814.0,70032.0,4.0,665.0,8698.0
2021-01-01,Santa Clara,County,1967585.0,782.0,77632.0,32.0,908.0,3128.0,2077057,328.0,84983,1872.0,71904.0,15.0,680.0,15111.0
2021-01-02,Santa Clara,County,1967585.0,1264.0,78896.0,19.0,927.0,10190.0,2087247,1087.0,86070,1758.0,73662.0,40.0,720.0,19273.0
2021-01-03,Santa Clara,County,1967585.0,1163.0,80059.0,25.0,952.0,9138.0,2096385,1003.0,87073,872.0,74534.0,0.0,720.0,13286.0
2021-01-04,Santa Clara,County,1967585.0,1552.0,81611.0,13.0,965.0,24503.0,2120888,1750.0,88823,763.0,75297.0,7.0,727.0,7147.0
2021-01-05,Santa Clara,County,1967585.0,1747.0,83358.0,18.0,983.0,26292.0,2147180,2524.0,91347,1058.0,76355.0,2.0,729.0,9461.0
2021-01-06,Santa Clara,County,1967585.0,1535.0,84893.0,15.0,998.0,24034.0,2171214,2020.0,93367,1130.0,77485.0,17.0,746.0,7606.0
2021-01-07,Santa Clara,County,1967585.0,1407.0,86300.0,16.0,1014.0,23246.0,2194460,1806.0,95173,1323.0,78808.0,29.0,775.0,11710.0
2021-01-08,Santa Clara,County,1967585.0,1215.0,87515.0,17.0,1031.0,18628.0,2213088,1292.0,96465,1753.0,80561.0,14.0,789.0,13456.0
2021-01-09,Santa Clara,County,1967585.0,1022.0,88537.0,25.0,1056.0,10955.0,2224043,1007.0,97472,1708.0,82269.0,19.0,808.0,17274.0
2021-01-10,Santa Clara,County,1967585.0,842.0,89379.0,12.0,1068.0,9772.0,2233815,778.0,98250,1510.0,83779.0,50.0,858.0,11048.0
2021-01-11,Santa Clara,County,1967585.0,1175.0,90554.0,23.0,1091.0,26126.0,2259941,1469.0,99719,1072.0,84851.0,19.0,877.0,11381.0
2021-01-12,Santa Clara,County,1967585.0,1203.0,91757.0,26.0,1117.0,23982.0,2283923,1655.0,101374,1224.0,86075.0,27.0,904.0,11527.0
2021-01-13,Santa Clara,County,1967585.0,1072.0,92829.0,17.0,1134.0,24166.0,2308089,1475.0,102849,1112.0,87187.0,7.0,911.0,9655.0
2021-01-14,Santa Clara,County,1967585.0,976.0,93805.0,17.0,1151.0,23428.0,2331517,1296.0,104145,1318.0,88505.0,-1.0,910.0,12740.0
2021-01-15,Santa Clara,County,1967585.0,937.0,94742.0,25.0,1176.0,18625.0,2350142,1228.0,105373,1598.0,90103.0,32.0,942.0,13793.0
2021-01-16,Santa Clara,County,1967585.0,650.0,95392.0,20.0,1196.0,9196.0,2359338,766.0,106139,1481.0,91584.0,12.0,954.0,15831.0
2021-01-17,Santa Clara,County,1967585.0,467.0,95859.0,21.0,1217.0,7324.0,2366662,563.0,106702,1168.0,92752.0,22.0,976.0,15402.0
2021-01-18,Santa Clara,County,1967585.0,749.0,96608.0,19.0,1236.0,13917.0,2380579,802.0,107504,936.0,93688.0,16.0,992.0,12750.0
2021-01-19,Santa Clara,County,1967585.0,893.0,97501.0,21.0,1257.0,25818.0,2406397,1163.0,108667,795.0,94483.0,18.0,1010.0,8569.0
2021-01-20,Santa Clara,County,1967585.0,777.0,98278.0,18.0,1275.0,21866.0,2428263,998.0,109665,512.0,94995.0,30.0,1040.0,7572.0
2021-01-21,Santa Clara,County,1967585.0,679.0,98957.0,12.0,1287.0,21654.0,2449917,876.0,110541,1033.0,96028.0,22.0,1062.0,7766.0
2021-01-22,Santa Clara,County,1967585.0,627.0,99584.0,17.0,1304.0,17783.0,2467700,704.0,111245,407.0,96435.0,0.0,1062.0,9990.0
2021-01-23,Santa Clara,County,1967585.0,440.0,100024.0,16.0,1320.0,7931.0,2475631,494.0,111739,754.0,97189.0,24.0,1086.0,10929.0
2021-01-24,Santa Clara,County,1967585.0,355.0,100379.0,14.0,1334.0,6153.0,2481784,405.0,112144,914.0,98103.0,23.0,1109.0,14607.0
2021-01-25,Santa Clara,County,1967585.0,647.0,101026.0,13.0,1347.0,22695.0,2504479,762.0,112906,544.0,98647.0,34.0,1143.0,10625.0
2021-01-26,Santa Clara,County,1967585.0,570.0,101596.0,13.0,1360.0,19221.0,2523700,623.0,113529,568.0,99215.0,28.0,1171.0,11363.0
2021-01-27,Santa Clara,County,1967585.0,478.0,102074.0,16.0,1376.0,16116.0,2539816,636.0,114165,517.0,99732.0,13.0,1184.0,13937.0
2021-01-28,Santa Clara,County,1967585.0,404.0,102478.0,14.0,1390.0,16611.0,2556427,519.0,114684,738.0,100470.0,35.0,1219.0,22658.0
2021-01-29,Santa Clara,County,1967585.0,468.0,102946.0,14.0,1404.0,16640.0,2573067,633.0,115317,540.0,101010.0,54.0,1273.0,16832.0
2021-01-30,Santa Clara,County,1967585.0,363.0,103309.0,4.0,1408.0,7538.0,2580605,441.0,115758,461.0,101471.0,34.0,1307.0,17379.0
2021-01-31,Santa Clara,County,1967585.0,346.0,103655.0,12.0,1420.0,5554.0,2586159,338.0,116096,515.0,101986.0,23.0,1330.0,15819.0
2021-02-01,Santa Clara,County,1967585.0,548.0,104203.0,17.0,1437.0,20380.0,2606539,615.0,116711,476.0,102462.0,13.0,1343.0,10684.0
2021-02-02,Santa Clara,County,1967585.0,415.0,104618.0,10.0,1447.0,19088.0,2625627,521.0,117232,410.0,102872.0,6.0,1349.0,8150.0
2021-02-03,Santa Clara,County,1967585.0,464.0,105082.0,17.0,1464.0,19210.0,2644837,570.0,117802,406.0,103278.0,15.0,1364.0,14613.0
2021-02-04,Santa Clara,County,1967585.0,318.0,105400.0,12.0,1476.0,17968.0,2662805,468.0,118270,503.0,103781.0,40.0,1404.0,19704.0
2021-02-05,Santa Clara,County,1967585.0,347.0,105747.0,10.0,1486.0,16891.0,2679696,490.0,118760,331.0,104112.0,17.0,1421.0,13853.0
2021-02-06,Santa Clara,County,1967585.0,248.0,105995.0,5.0,1491.0,7374.0,2687070,289.0,119049,527.0,104639.0,18.0,1439.0,22034.0
2021-02-07,Santa Clara,County,1967585.0,221.0,106216.0,9.0,1500.0,5884.0,2692954,214.0,119263,479.0,105118.0,11.0,1450.0,17012.0
2021-02-08,Santa Clara,County,1967585.0,340.0,106556.0,5.0,1505.0,21511.0,2714465,442.0,119705,295.0,105413.0,6.0,1456.0,11290.0
2021-02-09,Santa Clara,County,1967585.0,325.0,106881.0,11.0,1516.0,19883.0,2734348,467.0,120172,349.0,105762.0,7.0,1463.0,8413.0
2021-02-10,Santa Clara,County,1967585.0,307.0,107188.0,12.0,1528.0,18626.0,2752974,449.0,120621,286.0,106048.0,26.0,1489.0,15197.0
2021-02-11,Santa Clara,County,1967585.0,239.0,107427.0,12.0,1540.0,18223.0,2771197,375.0,120996,344.0,106392.0,18.0,1507.0,18681.0
2021-02-12,Santa Clara,County,1967585.0,257.0,107684.0,9.0,1549.0,14925.0,2786122,321.0,121317,367.0,106759.0,36.0,1543.0,19772.0
2021-02-13,Santa Clara,County,1967585.0,169.0,107853.0,5.0,1554.0,6899.0,2793021,195.0,121512,366.0,107125.0,27.0,1570.0,17418.0
2021-02-14,Santa Clara,County,1967585.0,185.0,108038.0,5.0,1559.0,5171.0,2798192,209.0,121721,287.0,107412.0,12.0,1582.0,16539.0
2021-02-15,Santa Clara,County,1967585.0,201.0,108239.0,8.0,1567.0,13143.0,2811335,227.0,121948,218.0,107630.0,6.0,1588.0,8929.0
2021-02-16,Santa Clara,County,1967585.0,235.0,108474.0,4.0,1571.0,18139.0,2829474,291.0,122239,124.0,107754.0,3.0,1591.0,6071.0
2021-02-17,Santa Clara,County,1967585.0,252.0,108726.0,9.0,1580.0,15811.0,2845285,307.0,122546,195.0,107949.0,1.0,1592.0,10279.0
2021-02-18,Santa Clara,County,1967585.0,232.0,108958.0,5.0,1585.0,17094.0,2862379,313.0,122859,261.0,108210.0,13.0,1605.0,17508.0
2021-02-19,Santa Clara,County,1967585.0,227.0,109185.0,5.0,1590.0,14310.0,2876689,289.0,123148,190.0,108400.0,29.0,1634.0,13378.0
2021-02-20,Santa Clara,County,1967585.0,213.0,109398.0,8.0,1598.0,6846.0,2883535,207.0,123355,328.0,108728.0,15.0,1649.0,19527.0
2021-02-21,Santa Clara,County,1967585.0,176.0,109574.0,5.0,1603.0,5443.0,2888978,195.0,123550,264.0,108992.0,5.0,1654.0,
2021-02-22,Santa Clara,County,1967585.0,226.0,109800.0,4.0,1607.0,18532.0,2907510,290.0,123840,221.0,109213.0,1.0,1655.0,8841.0
2021-02-23,Santa Clara,County,1967585.0,212.0,110012.0,6.0,1613.0,18123.0,2925633,264.0,124104,236.0,109449.0,6.0,1661.0,9437.0
2021-02-24,Santa Clara,County,1967585.0,197.0,110209.0,2.0,1615.0,18614.0,2944247,302.0,124406,222.0,109671.0,13.0,1674.0,14939.0
2021-02-25,Santa Clara,County,1967585.0,151.0,110360.0,3.0,1618.0,16580.0,2960827,199.0,124605,252.0,109923.0,3.0,1677.0,16847.0
2021-02-26,Santa Clara,County,1967585.0,164.0,110524.0,8.0,1626.0,15638.0,2976465,196.0,124801,245.0,110168.0,23.0,1700.0,18588.0
2021-02-27,Santa Clara,County,1967585.0,132.0,110656.0,5.0,1631.0,7027.0,2983492,166.0,124967,193.0,110361.0,3.0,1703.0,17510.0
2021-02-28,Santa Clara,County,1967585.0,148.0,110804.0,2.0,1633.0,5074.0,2988566,157.0,125124,195.0,110556.0,1.0,1704.0,15390.0
2021-03-01,Santa Clara,County,1967585.0,199.0,111003.0,4.0,1637.0,20878.0,3009444,239.0,125363,128.0,110684.0,0.0,1704.0,7958.0
2021-03-02,Santa Clara,County,1967585.0,158.0,111161.0,2.0,1639.0,17642.0,3027086,234.0,125597,148.0,110832.0,2.0,1706.0,8064.0
2021-03-03,Santa Clara,County,1967585.0,179.0,111340.0,1.0,1640.0,17972.0,3045058,238.0,125835,159.0,110991.0,14.0,1720.0,13507.0
2021-03-04,Santa Clara,County,1967585.0,155.0,111495.0,3.0,1643.0,17025.0,3062083,192.0,126027,203.0,111194.0,3.0,1723.0,18381.0
2021-03-05,Santa Clara,County,1967585.0,134.0,111629.0,4.0,1647.0,14191.0,3076274,180.0,126207,190.0,111384.0,22.0,1745.0,16238.0
2021-03-06,Santa Clara,County,1967585.0,96.0,111725.0,2.0,1649.0,6181.0,3082455,110.0,126317,186.0,111570.0,4.0,1749.0,14623.0
2021-03-07,Santa Clara,County,1967585.0,96.0,111821.0,1.0,1650.0,5073.0,3087528,101.0,126418,175.0,111745.0,3.0,1752.0,16995.0
2021-03-08,Santa Clara,County,1967585.0,145.0,111966.0,3.0,1653.0,19831.0,3107359,202.0,126620,137.0,111882.0,4.0,1756.0,6927.0
2021-03-09,Santa Clara,County,1967585.0,128.0,112094.0,3.0,1656.0,16959.0,3124318,189.0,126809,81.0,111963.0,0.0,1756.0,6307.0
2021-03-10,Santa Clara,County,1967585.0,111.0,112205.0,5.0,1661.0,16492.0,3140810,170.0,126979,140.0,112103.0,3.0,1759.0,12407.0
2021-03-11,Santa Clara,County,1967585.0,107.0,112312.0,5.0,1666.0,16493.0,3157303,141.0,127120,143.0,112246.0,6.0,1765.0,17822.0
2021-03-12,Santa Clara,County,1967585.0,131.0,112443.0,4.0,1670.0,14134.0,3171437,147.0,127267,150.0,112396.0,1.0,1766.0,14675.0
2021-03-13,Santa Clara,County,1967585.0,95.0,112538.0,1.0,1671.0,5962.0,3177399,122.0,127389,135.0,112531.0,24.0,1790.0,16840.0
2021-03-14,Santa Clara,County,1967585.0,85.0,112623.0,1.0,1672.0,4713.0,3182112,87.0,127476,117.0,112648.0,6.0,1796.0,13133.0
2021-03-15,Santa Clara,County,1967585.0,128.0,112751.0,0.0,1672.0,18589.0,3200701,164.0,127640,81.0,112729.0,2.0,1798.0,5037.0
2021-03-16,Santa Clara,County,1967585.0,103.0,112854.0,1.0,1673.0,17605.0,3218306,148.0,127788,116.0,112845.0,-1.0,1797.0,
2021-03-17,Santa Clara,County,1967585.0,118.0,112972.0,2.0,1675.0,16405.0,3234711,172.0,127960,138.0,112983.0,8.0,1805.0,5037.0
2021-03-18,Santa Clara,County,1967585.0,93.0,113065.0,3.0,1678.0,15998.0,3250709,132.0,128092,136.0,113119.0,3.0,1808.0,16722.0
2021-03-19,Santa Clara,County,1967585.0,117.0,113182.0,2.0,1680.0,14120.0,3264829,144.0,128236,113.0,113232.0,-11.0,1797.0,13955.0
2021-03-20,Santa Clara,County,1967585.0,75.0,113257.0,1.0,1681.0,5580.0,3270409,79.0,128315,152.0,113384.0,2.0,1799.0,16359.0
2021-03-21,Santa Clara,County,1967585.0,92.0,113349.0,1.0,1682.0,4823.0,3275232,90.0,128405,103.0,113487.0,41.0,1840.0,14594.0
2021-03-22,Santa Clara,County,1967585.0,129.0,113478.0,3.0,1685.0,19716.0,3294948,138.0,128543,88.0,113575.0,5.0,1845.0,5606.0
2021-03-23,Santa Clara,County,1967585.0,120.0,113598.0,2.0,1687.0,16078.0,3311026,147.0,128690,70.0,113645.0,3.0,1848.0,6099.0
2021-03-24,Santa Clara,County,1967585.0,116.0,113714.0,1.0,1688.0,16782.0,3327808,147.0,128837,112.0,113757.0,3.0,1851.0,12325.0
2021-03-25,Santa Clara,County,1967585.0,116.0,113830.0,3.0,1691.0,17656.0,3345464,161.0,128998,120.0,113877.0,17.0,1868.0,16685.0
2021-03-26,Santa Clara,County,1967585.0,104.0,113934.0,0.0,1691.0,13097.0,3358561,152.0,129150,82.0,113959.0,0.0,1868.0,
2021-03-27,Santa Clara,County,1967585.0,98.0,114032.0,1.0,1692.0,5935.0,3364496,80.0,129230,165.0,114124.0,3.0,1871.0,18805.0
2021-03-28,Santa Clara,County,1967585.0,96.0,114128.0,1.0,1693.0,6030.0,3370526,73.0,129303,108.0,114232.0,0.0,1871.0,13393.0
2021-03-29,Santa Clara,County,1967585.0,100.0,114228.0,2.0,1695.0,19812.0,3390338,137.0,129440,103.0,114335.0,0.0,1871.0,9616.0
2021-03-30,Santa Clara,County,1967585.0,108.0,114336.0,0.0,1695.0,17261.0,3407599,111.0,129551,78.0,114413.0,2.0,1873.0,6981.0
2021-03-31,Santa Clara,County,1967585.0,123.0,114459.0,0.0,1695.0,15053.0,3422652,162.0,129713,86.0,114499.0,1.0,1874.0,14821.0
2021-04-01,Santa Clara,County,1967585.0,127.0,114586.0,0.0,1695.0,17222.0,3439874,148.0,129861,107.0,114606.0,0.0,1874.0,17322.0
2021-04-02,Santa Clara,County,1967585.0,113.0,114699.0,2.0,1697.0,13861.0,3453735,132.0,129993,171.0,114777.0,8.0,1882.0,26384.0
2021-04-03,Santa Clara,County,1967585.0,111.0,114810.0,2.0,1699.0,5842.0,3459577,89.0,130082,88.0,114865.0,11.0,1893.0,14937.0
2021-04-04,Santa Clara,County,1967585.0,108.0,114918.0,6.0,1705.0,5127.0,3464704,74.0,130156,111.0,114976.0,0.0,1893.0,14610.0
2021-04-05,Santa Clara,County,1967585.0,166.0,115084.0,1.0,1706.0,21109.0,3485813,212.0,130368,115.0,115091.0,0.0,1893.0,7728.0
2021-04-06,Santa Clara,County,1967585.0,167.0,115251.0,1.0,1707.0,17661.0,3503474,205.0,130573,93.0,115184.0,7.0,1900.0,8305.0
2021-04-07,Santa Clara,County,1967585.0,171.0,115422.0,1.0,1708.0,18635.0,3522109,207.0,130780,127.0,115311.0,0.0,1900.0,13694.0
2021-04-08,Santa Clara,County,1967585.0,132.0,115554.0,2.0,1710.0,17374.0,3539483,198.0,130978,176.0,115487.0,5.0,1905.0,19483.0
2021-04-09,Santa Clara,County,1967585.0,106.0,115660.0,0.0,1710.0,15506.0,3554989,163.0,131141,262.0,115749.0,18.0,1923.0,16079.0
2021-04-10,Santa Clara,County,1967585.0,84.0,115744.0,2.0,1712.0,6240.0,3561229,128.0,131269,266.0,116015.0,0.0,1923.0,19775.0
2021-04-11,Santa Clara,County,1967585.0,96.0,115840.0,1.0,1713.0,5534.0,3566763,80.0,131349,146.0,116161.0,0.0,1923.0,16957.0
2021-04-12,Santa Clara,County,1967585.0,136.0,115976.0,0.0,1713.0,23260.0,3590023,183.0,131532,91.0,116252.0,0.0,1923.0,7485.0
2021-04-13,Santa Clara,County,1967585.0,128.0,116104.0,1.0,1714.0,19131.0,3609154,163.0,131695,111.0,116363.0,0.0,1923.0,8113.0
2021-04-14,Santa Clara,County,1967585.0,129.0,116233.0,0.0,1714.0,17984.0,3627138,207.0,131902,125.0,116488.0,-1.0,1922.0,15722.0
2021-04-15,Santa Clara,County,1967585.0,118.0,116351.0,2.0,1716.0,17850.0,3644988,162.0,132064,114.0,116602.0,5.0,1927.0,19053.0
2021-04-16,Santa Clara,County,1967585.0,106.0,116457.0,1.0,1717.0,14574.0,3659562,156.0,132220,91.0,116693.0,14.0,1941.0,17897.0
2021-04-17,Santa Clara,County,1967585.0,100.0,116557.0,1.0,1718.0,6241.0,3665803,152.0,132372,194.0,116887.0,3.0,1944.0,19193.0
2021-04-18,Santa Clara,County,1967585.0,92.0,116649.0,0.0,1718.0,5733.0,3671536,110.0,132482,109.0,116996.0,0.0,1944.0,14698.0
2021-04-19,Santa Clara,County,1967585.0,168.0,116817.0,0.0,1718.0,22722.0,3694258,197.0,132679,103.0,117099.0,0.0,1944.0,8393.0
2021-04-20,Santa Clara,County,1967585.0,111.0,116928.0,1.0,1719.0,18634.0,3712892,158.0,132837,129.0,117228.0,0.0,1944.0,7178.0
2021-04-21,Santa Clara,County,1967585.0,98.0,117026.0,0.0,1719.0,17042.0,3729934,161.0,132998,90.0,117318.0,2.0,1946.0,21885.0
2021-04-22,Santa Clara,County,1967585.0,78.0,117104.0,1.0,1720.0,18586.0,3748520,113.0,133111,139.0,117457.0,8.0,1954.0,14561.0
2021-04-23,Santa Clara,County,1967585.0,88.0,117192.0,0.0,1720.0,14408.0,3762928,142.0,133253,136.0,117593.0,11.0,1965.0,17467.0
2021-04-24,Santa Clara,County,1967585.0,62.0,117254.0,1.0,1721.0,6126.0,3769054,95.0,133348,81.0,117674.0,3.0,1968.0,14233.0
2021-04-25,Santa Clara,County,1967585.0,55.0,117309.0,1.0,1722.0,5891.0,3774945,73.0,133421,104.0,117778.0,0.0,1968.0,17171.0
2021-04-26,Santa Clara,County,1967585.0,79.0,117388.0,1.0,1723.0,20494.0,3795439,112.0,133533,96.0,117874.0,0.0,1968.0,8205.0
2021-04-27,Santa Clara,County,1967585.0,100.0,117488.0,0.0,1723.0,18504.0,3813943,134.0,133667,71.0,117945.0,1.0,1969.0,8080.0
2021-04-28,Santa Clara,County,1967585.0,50.0,117538.0,3.0,1726.0,18108.0,3832051,97.0,133764,52.0,117997.0,0.0,1969.0,16538.0
2021-04-29,Santa Clara,County,1967585.0,69.0,117607.0,1.0,1727.0,16323.0,3848374,118.0,133882,85.0,118082.0,15.0,1984.0,17148.0
2021-04-30,Santa Clara,County,1967585.0,55.0,117662.0,0.0,1727.0,12101.0,3860475,85.0,133967,88.0,118170.0,4.0,1988.0,15482.0
2021-05-01,Santa Clara,County,1967585.0,58.0,117720.0,0.0,1727.0,6152.0,3866627,74.0,134041,95.0,118265.0,0.0,1988.0,17579.0
2021-05-02,Santa Clara,County,1967585.0,52.0,117772.0,0.0,1727.0,4940.0,3871567,58.0,134099,56.0,118321.0,0.0,1988.0,13383.0
2021-05-03,Santa Clara,County,1967585.0,74.0,117846.0,3.0,1730.0,19248.0,3890815,98.0,134197,52.0,118373.0,0.0,1988.0,7342.0
2021-05-04,Santa Clara,County,1967585.0,54.0,117900.0,1.0,1731.0,16846.0,3907661,101.0,134298,58.0,118431.0,0.0,1988.0,6112.0
2021-05-05,Santa Clara,County,1967585.0,63.0,117963.0,1.0,1732.0,15582.0,3923243,106.0,134404,51.0,118482.0,4.0,1992.0,13882.0
2021-05-06,Santa Clara,County,1967585.0,30.0,117993.0,1.0,1733.0,15834.0,3939077,67.0,134471,109.0,118591.0,9.0,2001.0,18749.0
2021-05-07,Santa Clara,County,1967585.0,41.0,118034.0,2.0,1735.0,12010.0,3951087,70.0,134541,100.0,118691.0,1.0,2002.0,15559.0
2021-05-08,Santa Clara,County,1967585.0,33.0,118067.0,0.0,1735.0,5458.0,3956545,42.0,134583,60.0,118751.0,1.0,2003.0,15586.0
2021-05-09,Santa Clara,County,1967585.0,31.0,118098.0,0.0,1735.0,4489.0,3961034,37.0,134620,47.0,118798.0,0.0,2003.0,11769.0
2021-05-10,Santa Clara,County,1967585.0,54.0,118152.0,0.0,1735.0,18241.0,3979275,60.0,134680,24.0,118822.0,0.0,2003.0,5825.0
2021-05-11,Santa Clara,County,1967585.0,59.0,118211.0,0.0,1735.0,15309.0,3994584,93.0,134773,35.0,118857.0,2.0,2005.0,6747.0
2021-05-12,Santa Clara,County,1967585.0,46.0,118257.0,0.0,1735.0,15027.0,4009611,74.0,134847,40.0,118897.0,0.0,2005.0,13059.0
2021-05-13,Santa Clara,County,1967585.0,43.0,118300.0,1.0,1736.0,12866.0,4022477,103.0,134950,55.0,118952.0,8.0,2013.0,14786.0
2021-05-14,Santa Clara,County,1967585.0,27.0,118327.0,0.0,1736.0,10225.0,4032702,78.0,135028,54.0,119006.0,1.0,2014.0,12446.0
2021-05-15,Santa Clara,County,1967585.0,29.0,118356.0,1.0,1737.0,4938.0,4037640,45.0,135073,54.0,119060.0,2.0,2016.0,13255.0
2021-05-16,Santa Clara,County,1967585.0,21.0,118377.0,0.0,1737.0,5101.0,4042741,34.0,135107,38.0,119098.0,-1.0,2015.0,9044.0
2021-05-17,Santa Clara,County,1967585.0,29.0,118406.0,0.0,1737.0,17105.0,4059846,37.0,135144,18.0,119116.0,0.0,2015.0,4651.0
2021-05-18,Santa Clara,County,1967585.0,37.0,118443.0,0.0,1737.0,14062.0,4073908,54.0,135198,55.0,119171.0,-1.0,2014.0,4935.0
2021-05-19,Santa Clara,County,1967585.0,27.0,118470.0,1.0,1738.0,14732.0,4088640,47.0,135245,5.0,119176.0,1.0,2015.0,12420.0
2021-05-20,Santa Clara,County,1967585.0,40.0,118510.0,0.0,1738.0,13706.0,4102346,68.0,135313,46.0,119222.0,14.0,2029.0,15543.0
2021-05-21,Santa Clara,County,1967585.0,21.0,118531.0,0.0,1738.0,10922.0,4113268,33.0,135346,25.0,119247.0,0.0,2029.0,14549.0
2021-05-22,Santa Clara,County,1967585.0,27.0,118558.0,1.0,1739.0,4921.0,4118189,42.0,135388,45.0,119292.0,1.0,2030.0,14092.0
2021-05-23,Santa Clara,County,1967585.0,23.0,118581.0,0.0,1739.0,4805.0,4122994,25.0,135413,41.0,119333.0,0.0,2030.0,11500.0
2021-05-24,Santa Clara,County,1967585.0,24.0,118605.0,0.0,1739.0,15898.0,4138892,34.0,135447,25.0,119358.0,0.0,2030.0,5295.0
2021-05-25,Santa Clara,County,1967585.0,32.0,118637.0,0.0,1739.0,12195.0,4151087,45.0,135492,35.0,119393.0,2.0,2032.0,6323.0
2021-05-26,Santa Clara,County,1967585.0,24.0,118661.0,1.0,1740.0,12823.0,4163910,37.0,135529,28.0,119421.0,-1.0,2031.0,11767.0
2021-05-27,Santa Clara,County,1967585.0,27.0,118688.0,0.0,1740.0,11131.0,4175041,47.0,135576,31.0,119452.0,22.0,2053.0,11760.0
2021-05-28,Santa Clara,County,1967585.0,21.0,118709.0,1.0,1741.0,8848.0,4183889,40.0,135616,10.0,119462.0,3.0,2056.0,12102.0
2021-05-29,Santa Clara,County,1967585.0,24.0,118733.0,1.0,1742.0,4335.0,4188224,21.0,135637,36.0,119498.0,0.0,2056.0,12419.0
2021-05-30,Santa Clara,County,1967585.0,24.0,118757.0,1.0,1743.0,4037.0,4192261,37.0,135674,12.0,119510.0,1.0,2057.0,6994.0
2021-05-31,Santa Clara,County,1967585.0,22.0,118779.0,0.0,1743.0,3922.0,4196183,10.0,135684,5.0,119515.0,0.0,2057.0,4826.0
2021-06-01,Santa Clara,County,1967585.0,44.0,118823.0,1.0,1744.0,16096.0,4212279,50.0,135734,13.0,119528.0,0.0,2057.0,3550.0
2021-06-02,Santa Clara,County,1967585.0,28.0,118851.0,0.0,1744.0,12758.0,4225037,48.0,135782,25.0,119553.0,1.0,2058.0,7025.0
2021-06-03,Santa Clara,County,1967585.0,28.0,118879.0,1.0,1745.0,11532.0,4236569,42.0,135824,39.0,119592.0,0.0,2058.0,12757.0
2021-06-04,Santa Clara,County,1967585.0,22.0,118901.0,0.0,1745.0,9532.0,4246101,53.0,135877,27.0,119619.0,7.0,2065.0,12465.0
2021-06-05,Santa Clara,County,1967585.0,30.0,118931.0,1.0,1746.0,4828.0,4250929,30.0,135907,57.0,119676.0,1.0,2066.0,12532.0
2021-06-06,Santa Clara,County,1967585.0,22.0,118953.0,0.0,1746.0,5402.0,4256331,26.0,135933,35.0,119711.0,0.0,2066.0,8796.0
2021-06-07,Santa Clara,County,1967585.0,22.0,118975.0,1.0,1747.0,12590.0,4268921,32.0,135965,32.0,119743.0,0.0,2066.0,7119.0
2021-06-08,Santa Clara,County,1967585.0,32.0,119007.0,1.0,1748.0,10525.0,4279446,36.0,136001,27.0,119770.0,2.0,2068.0,7101.0
2021-06-09,Santa Clara,County,1967585.0,21.0,119028.0,1.0,1749.0,10294.0,4289740,30.0,136031,23.0,119793.0,0.0,2068.0,10542.0
2021-06-10,Santa Clara,County,1967585.0,38.0,119066.0,1.0,1750.0,9485.0,4299225,44.0,136075,39.0,119832.0,7.0,2075.0,10665.0
2021-06-11,Santa Clara,County,1967585.0,35.0,119101.0,0.0,1750.0,7785.0,4307010,44.0,136119,28.0,119860.0,8.0,2083.0,10346.0
2021-06-12,Santa Clara,County,1967585.0,20.0,119121.0,0.0,1750.0,4605.0,4311615,34.0,136153,34.0,119894.0,2.0,2085.0,9479.0
2021-06-13,Santa Clara,County,1967585.0,40.0,119161.0,1.0,1751.0,4874.0,4316489,26.0,136179,52.0,119946.0,0.0,2085.0,8931.0
2021-06-14,Santa Clara,County,1967585.0,24.0,119185.0,0.0,1751.0,9876.0,4326365,30.0,136209,11.0,119957.0,0.0,2085.0,4402.0
2021-06-15,Santa Clara,County,1967585.0,31.0,119216.0,0.0,1751.0,9123.0,4335488,44.0,136253,6.0,119963.0,1.0,2086.0,5293.0
2021-06-16,Santa Clara,County,1967585.0,38.0,119254.0,0.0,1751.0,8889.0,4344377,36.0,136289,19.0,119982.0,1.0,2087.0,7968.0
2021-06-17,Santa Clara,County,1967585.0,32.0,119286.0,0.0,1751.0,8832.0,4353209,54.0,136343,50.0,120032.0,6.0,2093.0,9662.0
2021-06-18,Santa Clara,County,1967585.0,25.0,119311.0,0.0,1751.0,6531.0,4359740,38.0,136381,49.0,120081.0,0.0,2093.0,8549.0
2021-06-19,Santa Clara,County,1967585.0,21.0,119332.0,1.0,1752.0,4274.0,4364014,19.0,136400,29.0,120110.0,0.0,2093.0,9062.0
2021-06-20,Santa Clara,County,1967585.0,23.0,119355.0,0.0,1752.0,3572.0,4367586,21.0,136421,53.0,120163.0,0.0,2093.0,6621.0
2021-06-21,Santa Clara,County,1967585.0,35.0,119390.0,0.0,1752.0,9886.0,4377472,47.0,136468,29.0,120192.0,0.0,2093.0,4406.0
2021-06-22,Santa Clara,County,1967585.0,33.0,119423.0,0.0,1752.0,9051.0,4386523,45.0,136513,2.0,120194.0,2.0,2095.0,3942.0
2021-06-23,Santa Clara,County,1967585.0,32.0,119455.0,0.0,1752.0,8622.0,4395145,41.0,136554,39.0,120233.0,3.0,2098.0,8226.0
2021-06-24,Santa Clara,County,1967585.0,29.0,119484.0,0.0,1752.0,8694.0,4403839,43.0,136597,41.0,120274.0,5.0,2103.0,8874.0
2021-06-25,Santa Clara,County,1967585.0,30.0,119514.0,0.0,1752.0,7281.0,4411120,38.0,136635,-2.0,120272.0,0.0,2103.0,12931.0
2021-06-26,Santa Clara,County,1967585.0,20.0,119534.0,0.0,1752.0,4508.0,4415628,23.0,136658,49.0,120321.0,0.0,2103.0,9009.0
2021-06-27,Santa Clara,County,1967585.0,33.0,119567.0,1.0,1753.0,4022.0,4419650,29.0,136687,31.0,120352.0,0.0,2103.0,6971.0
2021-06-28,Santa Clara,County,1967585.0,51.0,119618.0,0.0,1753.0,9989.0,4429639,62.0,136749,25.0,120377.0,0.0,2103.0,4516.0
2021-06-29,Santa Clara,County,1967585.0,64.0,119682.0,0.0,1753.0,9734.0,4439373,49.0,136798,-1484.0,118893.0,-13.0,2090.0,3542.0
2021-06-30,Santa Clara,County,1967585.0,55.0,119737.0,0.0,1753.0,9364.0,4448737,54.0,136852,37.0,118930.0,0.0,2090.0,8360.0
2021-07-01,Santa Clara,County,1967585.0,47.0,119784.0,0.0,1753.0,9258.0,4457995,62.0,136914,36.0,118966.0,0.0,2090.0,8742.0
2021-07-02,Santa Clara,County,1967585.0,49.0,119833.0,0.0,1753.0,8512.0,4466507,58.0,136972,0.0,118966.0,0.0,2090.0,
2021-07-03,Santa Clara,County,1967585.0,78.0,119911.0,0.0,1753.0,4990.0,4471497,82.0,137054,0.0,118966.0,0.0,2090.0,
2021-07-04,Santa Clara,County,1967585.0,47.0,119958.0,0.0,1753.0,1739.0,4473236,21.0,137075,0.0,118966.0,0.0,2090.0,
2021-07-05,Santa Clara,County,1967585.0,90.0,120048.0,0.0,1753.0,5526.0,4478762,74.0,137149,218.0,119184.0,5.0,2095.0,34646.0
2021-07-06,Santa Clara,County,1967585.0,106.0,120154.0,0.0,1753.0,10591.0,4489353,129.0,137278,10.0,119194.0,0.0,2095.0,2239.0
2021-07-07,Santa Clara,County,1967585.0,118.0,120272.0,1.0,1754.0,8838.0,4498191,100.0,137378,56.0,119250.0,-1.0,2094.0,5449.0
2021-07-08,Santa Clara,County,1967585.0,98.0,120370.0,0.0,1754.0,8151.0,4506342,109.0,137487,80.0,119330.0,0.0,2094.0,11636.0
2021-07-09,Santa Clara,County,1967585.0,93.0,120463.0,0.0,1754.0,7738.0,4514080,137.0,137624,0.0,119330.0,0.0,2094.0,
2021-07-10,Santa Clara,County,1967585.0,110.0,120573.0,0.0,1754.0,4438.0,4518518,131.0,137755,0.0,119330.0,0.0,2094.0,
2021-07-11,Santa Clara,County,1967585.0,103.0,120676.0,0.0,1754.0,3773.0,4522291,79.0,137834,219.0,119549.0,4.0,2098.0,
2021-07-12,Santa Clara,County,1967585.0,154.0,120830.0,0.0,1754.0,9591.0,4531882,155.0,137989,85.0,119634.0,0.0,2098.0,4131.0
2021-07-13,Santa Clara,County,1967585.0,165.0,120995.0,1.0,1755.0,9074.0,4540956,182.0,138171,93.0,119727.0,0.0,2098.0,4700.0
2021-07-14,Santa Clara,County,1967585.0,154.0,121149.0,0.0,1755.0,9643.0,4550599,197.0,138368,117.0,119844.0,0.0,2098.0,9312.0
2021-07-15,Santa Clara,County,1967585.0,150.0,121299.0,0.0,1755.0,8772.0,4559371,219.0,138587,136.0,119980.0,-1.0,2097.0,8419.0
2021-07-16,Santa Clara,County,1967585.0,122.0,121421.0,0.0,1755.0,8735.0,4568106,185.0,138772,0.0,119980.0,0.0,2097.0,
2021-07-17,Santa Clara,County,1967585.0,147.0,121568.0,0.0,1755.0,4939.0,4573045,192.0,138964,0.0,119980.0,0.0,2097.0,
2021-07-18,Santa Clara,County,1967585.0,172.0,121740.0,0.0,1755.0,4377.0,4577422,141.0,139105,458.0,120438.0,1.0,2098.0,43008.0
2021-07-19,Santa Clara,County,1967585.0,214.0,121954.0,1.0,1756.0,10012.0,4587434,260.0,139365,116.0,120554.0,0.0,2098.0,4533.0
2021-07-20,Santa Clara,County,1967585.0,258.0,122212.0,0.0,1756.0,10051.0,4597485,280.0,139645,150.0,120704.0,0.0,2098.0,6931.0
2021-07-21,Santa Clara,County,1967585.0,257.0,122469.0,0.0,1756.0,10488.0,4607973,307.0,139952,134.0,120838.0,1.0,2099.0,7643.0
2021-07-22,Santa Clara,County,1967585.0,210.0,122679.0,0.0,1756.0,9960.0,4617933,264.0,140216,254.0,121092.0,0.0,2099.0,10229.0
2021-07-23,Santa Clara,County,1967585.0,242.0,122921.0,1.0,1757.0,9802.0,4627735,319.0,140535,0.0,121092.0,0.0,2099.0,
2021-07-24,Santa Clara,County,1967585.0,219.0,123140.0,1.0,1758.0,5397.0,4633132,220.0,140755,0.0,121092.0,0.0,2099.0,
2021-07-25,Santa Clara,County,1967585.0,212.0,123352.0,0.0,1758.0,5147.0,4638279,202.0,140957,708.0,121800.0,0.0,2099.0,29425.0
2021-07-26,Santa Clara,County,1967585.0,330.0,123682.0,0.0,1758.0,11995.0,4650274,378.0,141335,178.0,121978.0,0.0,2099.0,6336.0
2021-07-27,Santa Clara,County,1967585.0,309.0,123991.0,0.0,1758.0,12312.0,4662586,419.0,141754,176.0,122154.0,0.0,2099.0,6403.0
2021-07-28,Santa Clara,County,1967585.0,294.0,124285.0,1.0,1759.0,12238.0,4674824,427.0,142181,191.0,122345.0,0.0,2099.0,9041.0
2021-07-29,Santa Clara,County,1967585.0,261.0,124546.0,0.0,1759.0,11973.0,4686797,407.0,142588,269.0,122614.0,0.0,2099.0,11118.0
2021-07-30,Santa Clara,County,1967585.0,297.0,124843.0,1.0,1760.0,10871.0,4697668,334.0,142922,0.0,122614.0,0.0,2099.0,
2021-07-31,Santa Clara,County,1967585.0,224.0,125067.0,1.0,1761.0,6509.0,4704177,277.0,143199,0.0,122614.0,0.0,2099.0,
2021-08-01,Santa Clara,County,1967585.0,255.0,125322.0,0.0,1761.0,6537.0,4710714,264.0,143463,897.0,123511.0,84.0,2183.0,34294.0
2021-08-02,Santa Clara,County,1967585.0,412.0,125734.0,1.0,1762.0,13180.0,4723894,416.0,143879,144.0,123655.0,0.0,2183.0,4928.0
2021-08-03,Santa Clara,County,1967585.0,470.0,126204.0,1.0,1763.0,15664.0,4739558,614.0,144493,259.0,123914.0,0.0,2183.0,6744.0
2021-08-04,Santa Clara,County,1967585.0,421.0,126625.0,0.0,1763.0,15043.0,4754601,535.0,145028,213.0,124127.0,0.0,2183.0,9988.0
2021-08-05,Santa Clara,County,1967585.0,391.0,127016.0,0.0,1763.0,15182.0,4769783,599.0,145627,363.0,124490.0,2.0,2185.0,14349.0
2021-08-06,Santa Clara,County,1967585.0,333.0,127349.0,0.0,1763.0,14273.0,4784056,505.0,146132,277.0,124767.0,0.0,2185.0,12220.0
2021-08-07,Santa Clara,County,1967585.0,291.0,127640.0,2.0,1765.0,8292.0,4792348,335.0,146467,429.0,125196.0,3.0,2188.0,13109.0
2021-08-08,Santa Clara,County,1967585.0,272.0,127912.0,1.0,1766.0,7213.0,4799561,288.0,146755,357.0,125553.0,-1.0,2187.0,11006.0
2021-08-09,Santa Clara,County,1967585.0,451.0,128363.0,2.0,1768.0,16978.0,4816539,536.0,147291,238.0,125791.0,0.0,2187.0,7571.0
2021-08-10,Santa Clara,County,1967585.0,503.0,128866.0,1.0,1769.0,15741.0,4832280,573.0,147864,228.0,126019.0,-417.0,1770.0,7604.0
2021-08-11,Santa Clara,County,1967585.0,463.0,129329.0,1.0,1770.0,17457.0,4849737,552.0,148416,282.0,126301.0,-1.0,1769.0,12942.0
2021-08-12,Santa Clara,County,1967585.0,480.0,129809.0,1.0,1771.0,15842.0,4865579,601.0,149017,313.0,126614.0,0.0,1769.0,12092.0
2021-08-13,Santa Clara,County,1967585.0,449.0,130258.0,0.0,1771.0,15382.0,4880961,646.0,149663,344.0,126958.0,0.0,1769.0,14903.0
2021-08-14,Santa Clara,County,1967585.0,287.0,130545.0,2.0,1773.0,9499.0,4890460,451.0,150114,474.0,127432.0,3.0,1772.0,16049.0
2021-08-15,Santa Clara,County,1967585.0,279.0,130824.0,0.0,1773.0,7671.0,4898131,320.0,150434,283.0,127715.0,1.0,1773.0,9880.0
2021-08-16,Santa Clara,County,1967585.0,433.0,131257.0,3.0,1776.0,19395.0,4917526,559.0,150993,263.0,127978.0,0.0,1773.0,7840.0
2021-08-17,Santa Clara,County,1967585.0,465.0,131722.0,1.0,1777.0,20231.0,4937757,689.0,151682,376.0,128354.0,0.0,1773.0,10696.0
2021-08-18,Santa Clara,County,1967585.0,403.0,132125.0,2.0,1779.0,20198.0,4957955,588.0,152270,209.0,128563.0,0.0,1773.0,10601.0
2021-08-19,Santa Clara,County,1967585.0,363.0,132488.0,0.0,1779.0,16661.0,4974616,494.0,152764,570.0,129133.0,1.0,1774.0,20526.0
2021-08-20,Santa Clara,County,1967585.0,390.0,132878.0,1.0,1780.0,17359.0,4991975,571.0,153335,377.0,129510.0,0.0,1774.0,15154.0
2021-08-21,Santa Clara,County,1967585.0,283.0,133161.0,1.0,1781.0,9405.0,5001380,362.0,153697,401.0,129911.0,4.0,1778.0,15023.0
2021-08-22,Santa Clara,County,1967585.0,265.0,133426.0,6.0,1787.0,7944.0,5009324,273.0,153970,278.0,130189.0,0.0,1778.0,14420.0
2021-08-23,Santa Clara,County,1967585.0,417.0,133843.0,0.0,1787.0,20990.0,5030314,506.0,154476,300.0,130489.0,0.0,1778.0,9942.0
2021-08-24,Santa Clara,County,1967585.0,400.0,134243.0,0.0,1787.0,21532.0,5051846,515.0,154991,274.0,130763.0,1.0,1779.0,10729.0
2021-08-25,Santa Clara,County,1967585.0,424.0,134667.0,2.0,1789.0,24438.0,5076284,657.0,155648,232.0,130995.0,4.0,1783.0,13007.0
2021-08-26,Santa Clara,County,1967585.0,369.0,135036.0,3.0,1792.0,22371.0,5098655,602.0,156250,448.0,131443.0,-1.0,1782.0,19603.0
2021-08-27,Santa Clara,County,1967585.0,326.0,135362.0,3.0,1795.0,18829.0,5117484,519.0,156769,568.0,132011.0,1.0,1783.0,20963.0
2021-08-28,Santa Clara,County,1967585.0,230.0,135592.0,4.0,1799.0,9500.0,5126984,282.0,157051,477.0,132488.0,6.0,1789.0,20597.0
2021-08-29,Santa Clara,County,1967585.0,207.0,135799.0,3.0,1802.0,7675.0,5134659,253.0,157304,491.0,132979.0,0.0,1789.0,21299.0
2021-08-30,Santa Clara,County,1967585.0,354.0,136153.0,2.0,1804.0,21547.0,5156206,473.0,157777,302.0,133281.0,0.0,1789.0,16177.0
2021-08-31,Santa Clara,County,1967585.0,321.0,136474.0,2.0,1806.0,22063.0,5178269,437.0,158214,1356.0,134637.0,4.0,1793.0,51459.0
2021-09-01,Santa Clara,County,1967585.0,350.0,136824.0,3.0,1809.0,24741.0,5203010,435.0,158649,218.0,134855.0,3.0,1796.0,12939.0
2021-09-02,Santa Clara,County,1967585.0,268.0,137092.0,4.0,1813.0,21145.0,5224155,422.0,159071,361.0,135216.0,3.0,1799.0,19791.0
2021-09-03,Santa Clara,County,1967585.0,301.0,137393.0,3.0,1816.0,16942.0,5241097,436.0,159507,306.0,135522.0,2.0,1801.0,20203.0
2021-09-04,Santa Clara,County,1967585.0,202.0,137595.0,1.0,1817.0,9172.0,5250269,227.0,159734,323.0,135845.0,5.0,1806.0,21872.0
2021-09-05,Santa Clara,County,1967585.0,186.0,137781.0,3.0,1820.0,7782.0,5258051,206.0,159940,301.0,136146.0,1.0,1807.0,20557.0
2021-09-06,Santa Clara,County,1967585.0,210.0,137991.0,3.0,1823.0,9477.0,5267528,208.0,160148,312.0,136458.0,0.0,1807.0,14427.0
2021-09-07,Santa Clara,County,1967585.0,291.0,138282.0,2.0,1825.0,27677.0,5295205,406.0,160554,173.0,136631.0,0.0,1807.0,12748.0
2021-09-08,Santa Clara,County,1967585.0,288.0,138570.0,4.0,1829.0,24802.0,5320007,386.0,160940,205.0,136836.0,3.0,1810.0,10425.0
2021-09-09,Santa Clara,County,1967585.0,234.0,138804.0,7.0,1836.0,21131.0,5341138,355.0,161295,181.0,137017.0,6.0,1816.0,16184.0
2021-09-10,Santa Clara,County,1967585.0,223.0,139027.0,1.0,1837.0,19142.0,5360280,319.0,161614,320.0,137337.0,1.0,1817.0,22424.0
2021-09-11,Santa Clara,County,1967585.0,184.0,139211.0,5.0,1842.0,10286.0,5370566,242.0,161856,322.0,137659.0,3.0,1820.0,21687.0
2021-09-12,Santa Clara,County,1967585.0,150.0,139361.0,4.0,1846.0,7598.0,5378164,128.0,161984,240.0,137899.0,0.0,1820.0,20083.0
2021-09-13,Santa Clara,County,1967585.0,255.0,139616.0,3.0,1849.0,22154.0,5400318,325.0,162309,253.0,138152.0,0.0,1820.0,14691.0
2021-09-14,Santa Clara,County,1967585.0,248.0,139864.0,4.0,1853.0,21571.0,5421889,315.0,162624,169.0,138321.0,8.0,1828.0,14102.0
2021-09-15,Santa Clara,County,1967585.0,235.0,140099.0,1.0,1854.0,23182.0,5445071,292.0,162916,89.0,138410.0,5.0,1833.0,12266.0
2021-09-16,Santa Clara,County,1967585.0,173.0,140272.0,2.0,1856.0,20752.0,5465823,285.0,163201,275.0,138685.0,2.0,1835.0,20652.0
2021-09-17,Santa Clara,County,1967585.0,156.0,140428.0,0.0,1856.0,19683.0,5485506,261.0,163462,254.0,138939.0,3.0,1838.0,21583.0
2021-09-18,Santa Clara,County,1967585.0,149.0,140577.0,2.0,1858.0,8626.0,5494132,164.0,163626,294.0,139233.0,3.0,1841.0,22134.0
2021-09-19,Santa Clara,County,1967585.0,120.0,140697.0,1.0,1859.0,7866.0,5501998,124.0,163750,177.0,139410.0,0.0,1841.0,16572.0
2021-09-20,Santa Clara,County,1967585.0,187.0,140884.0,0.0,1859.0,25643.0,5527641,262.0,164012,168.0,139578.0,0.0,1841.0,14063.0
2021-09-21,Santa Clara,County,1967585.0,201.0,141085.0,2.0,1861.0,22892.0,5550533,231.0,164243,79.0,139657.0,2.0,1843.0,12461.0
2021-09-22,Santa Clara,County,1967585.0,217.0,141302.0,0.0,1861.0,23688.0,5574221,278.0,164521,146.0,139803.0,1.0,1844.0,13588.0
2021-09-23,Santa Clara,County,1967585.0,163.0,141465.0,3.0,1864.0,21979.0,5596200,204.0,164725,220.0,140023.0,0.0,1844.0,23312.0
2021-09-24,Santa Clara,County,1967585.0,150.0,141615.0,2.0,1866.0,16950.0,5613150,224.0,164949,0.0,140023.0,0.0,1844.0,
2021-09-25,Santa Clara,County,1967585.0,112.0,141727.0,2.0,1868.0,7912.0,5621062,153.0,165102,0.0,140023.0,0.0,1844.0,
2021-09-26,Santa Clara,County,1967585.0,106.0,141833.0,1.0,1869.0,6837.0,5627899,98.0,165200,644.0,140667.0,8.0,1852.0,61650.0
2021-09-27,Santa Clara,County,1967585.0,200.0,142033.0,1.0,1870.0,24727.0,5652626,234.0,165434,135.0,140802.0,1.0,1853.0,14363.0
2021-09-28,Santa Clara,County,1967585.0,182.0,142215.0,4.0,1874.0,22890.0,5675516,241.0,165675,84.0,140886.0,5.0,1858.0,12641.0
2021-09-29,Santa Clara,County,1967585.0,161.0,142376.0,0.0,1874.0,24045.0,5699561,220.0,165895,150.0,141036.0,3.0,1861.0,15885.0
2021-09-30,Santa Clara,County,1967585.0,135.0,142511.0,2.0,1876.0,20324.0,5719885,166.0,166061,195.0,141231.0,1.0,1862.0,22186.0
2021-10-01,Santa Clara,County,1967585.0,151.0,142662.0,1.0,1877.0,15524.0,5735409,181.0,166242,0.0,141231.0,0.0,1862.0,
2021-10-02,Santa Clara,County,1967585.0,93.0,142755.0,0.0,1877.0,7407.0,5742816,139.0,166381,0.0,141231.0,0.0,1862.0,
2021-10-03,Santa Clara,County,1967585.0,114.0,142869.0,3.0,1880.0,7103.0,5749919,129.0,166510,506.0,141737.0,7.0,1869.0,67667.0
2021-10-04,Santa Clara,County,1967585.0,170.0,143039.0,1.0,1881.0,23980.0,5773899,207.0,166717,103.0,141840.0,0.0,1869.0,11882.0
2021-10-05,Santa Clara,County,1967585.0,144.0,143183.0,3.0,1884.0,21410.0,5795309,182.0,166899,131.0,141971.0,4.0,1873.0,13320.0
2021-10-06,Santa Clara,County,1967585.0,158.0,143341.0,0.0,1884.0,21823.0,5817132,199.0,167098,153.0,142124.0,-1.0,1872.0,14500.0
2021-10-07,Santa Clara,County,1967585.0,151.0,143492.0,0.0,1884.0,19684.0,5836816,185.0,167283,174.0,142298.0,1.0,1873.0,21219.0
2021-10-08,Santa Clara,County,1967585.0,151.0,143643.0,3.0,1887.0,15154.0,5851970,198.0,167481,0.0,142298.0,0.0,1873.0,
2021-10-09,Santa Clara,County,1967585.0,113.0,143756.0,1.0,1888.0,6494.0,5858464,128.0,167609,0.0,142298.0,0.0,1873.0,
2021-10-10,Santa Clara,County,1967585.0,123.0,143879.0,3.0,1891.0,6782.0,5865246,108.0,167717,470.0,142768.0,8.0,1881.0,55674.0
2021-10-11,Santa Clara,County,1967585.0,165.0,144044.0,1.0,1892.0,20564.0,5885810,196.0,167913,68.0,142836.0,1.0,1882.0,8754.0
2021-10-12,Santa Clara,County,1967585.0,162.0,144206.0,1.0,1893.0,21108.0,5906918,231.0,168144,118.0,142954.0,0.0,1882.0,10414.0
2021-10-13,Santa Clara,County,1967585.0,154.0,144360.0,0.0,1893.0,21535.0,5928453,209.0,168353,110.0,143064.0,4.0,1886.0,13545.0
2021-10-14,Santa Clara,County,1967585.0,138.0,144498.0,2.0,1895.0,18747.0,5947200,166.0,168519,218.0,143282.0,4.0,1890.0,20415.0
2021-10-15,Santa Clara,County,1967585.0,141.0,144639.0,0.0,1895.0,15383.0,5962583,174.0,168693,0.0,143282.0,0.0,1890.0,
2021-10-16,Santa Clara,County,1967585.0,122.0,144761.0,2.0,1897.0,6765.0,5969348,131.0,168824,0.0,143282.0,0.0,1890.0,
2021-10-17,Santa Clara,County,1967585.0,100.0,144861.0,0.0,1897.0,6582.0,5975930,122.0,168946,486.0,143768.0,5.0,1895.0,55706.0
2021-10-18,Santa Clara,County,1967585.0,176.0,145037.0,0.0,1897.0,22521.0,5998451,222.0,169168,123.0,143891.0,0.0,1895.0,9657.0
2021-10-19,Santa Clara,County,1967585.0,155.0,145192.0,0.0,1897.0,20360.0,6018811,208.0,169376,98.0,143989.0,3.0,1898.0,11411.0
2021-10-20,Santa Clara,County,1967585.0,173.0,145365.0,1.0,1898.0,20785.0,6039596,205.0,169581,135.0,144124.0,-2.0,1896.0,18949.0
2021-10-21,Santa Clara,County,1967585.0,136.0,145501.0,2.0,1900.0,18902.0,6058498,188.0,169769,152.0,144276.0,1.0,1897.0,16609.0
2021-10-22,Santa Clara,County,1967585.0,173.0,145674.0,3.0,1903.0,15573.0,6074071,219.0,169988,0.0,144276.0,0.0,1897.0,
2021-10-23,Santa Clara,County,1967585.0,156.0,145830.0,0.0,1903.0,6756.0,6080827,175.0,170163,0.0,144276.0,0.0,1897.0,
2021-10-24,Santa Clara,County,1967585.0,108.0,145938.0,1.0,1904.0,6005.0,6086832,107.0,170270,0.0,144276.0,0.0,1897.0,59789.0
2021-10-25,Santa Clara,County,1967585.0,191.0,146129.0,1.0,1905.0,21061.0,6107893,219.0,170489,619.0,144895.0,4.0,1901.0,66477.0
2021-10-26,Santa Clara,County,1967585.0,190.0,146319.0,1.0,1906.0,21700.0,6129593,229.0,170718,37.0,144932.0,2.0,1903.0,7748.0
2021-10-27,Santa Clara,County,1967585.0,199.0,146518.0,0.0,1906.0,21602.0,6151195,228.0,170946,149.0,145081.0,-1.0,1902.0,14752.0
2021-10-28,Santa Clara,County,1967585.0,177.0,146695.0,4.0,1910.0,19113.0,6170308,253.0,171199,181.0,145262.0,1.0,1903.0,20948.0
2021-10-29,Santa Clara,County,1967585.0,158.0,146853.0,1.0,1911.0,14159.0,6184467,210.0,171409,0.0,145262.0,0.0,1903.0,
2021-10-30,Santa Clara,County,1967585.0,115.0,146968.0,0.0,1911.0,6423.0,6190890,153.0,171562,0.0,145262.0,0.0,1903.0,
2021-10-31,Santa Clara,County,1967585.0,105.0,147073.0,1.0,1912.0,6292.0,6197182,129.0,171691,567.0,145829.0,5.0,1908.0,56453.0
2021-11-01,Santa Clara,County,1967585.0,215.0,147288.0,1.0,1913.0,20542.0,6217724,256.0,171947,149.0,145978.0,-1.0,1907.0,8277.0
2021-11-02,Santa Clara,County,1967585.0,197.0,147485.0,1.0,1914.0,22205.0,6239929,259.0,172206,137.0,146115.0,-11.0,1896.0,9342.0
2021-11-03,Santa Clara,County,1967585.0,194.0,147679.0,3.0,1917.0,22461.0,6262390,248.0,172454,144.0,146259.0,1.0,1897.0,13357.0
2021-11-04,Santa Clara,County,1967585.0,170.0,147849.0,1.0,1918.0,19616.0,6282006,225.0,172679,260.0,146519.0,-3.0,1894.0,23199.0
2021-11-05,Santa Clara,County,1967585.0,154.0,148003.0,1.0,1919.0,15138.0,6297144,237.0,172916,0.0,146519.0,0.0,1894.0,
2021-11-06,Santa Clara,County,1967585.0,138.0,148141.0,0.0,1919.0,7346.0,6304490,158.0,173074,0.0,146519.0,0.0,1894.0,
2021-11-07,Santa Clara,County,1967585.0,145.0,148286.0,1.0,1920.0,6898.0,6311388,131.0,173205,535.0,147054.0,4.0,1898.0,54213.0
2021-11-08,Santa Clara,County,1967585.0,204.0,148490.0,4.0,1924.0,22616.0,6334004,268.0,173473,129.0,147183.0,1.0,1899.0,9078.0
2021-11-09,Santa Clara,County,1967585.0,228.0,148718.0,1.0,1925.0,22103.0,6356107,293.0,173766,98.0,147281.0,2.0,1901.0,8845.0
2021-11-10,Santa Clara,County,1967585.0,207.0,148925.0,3.0,1928.0,22183.0,6378290,214.0,173980,177.0,147458.0,0.0,1901.0,11980.0
2021-11-11,Santa Clara,County,1967585.0,148.0,149073.0,0.0,1928.0,13338.0,6391628,185.0,174165,0.0,147458.0,0.0,1901.0,
2021-11-12,Santa Clara,County,1967585.0,182.0,149255.0,1.0,1929.0,14013.0,6405641,270.0,174435,363.0,147821.0,4.0,1905.0,43393.0
2021-11-13,Santa Clara,County,1967585.0,142.0,149397.0,1.0,1930.0,6590.0,6412231,133.0,174568,0.0,147821.0,0.0,1905.0,
2021-11-14,Santa Clara,County,1967585.0,119.0,149516.0,1.0,1931.0,6656.0,6418887,142.0,174710,331.0,148152.0,8.0,1913.0,31380.0
2021-11-15,Santa Clara,County,1967585.0,199.0,149715.0,2.0,1933.0,21363.0,6440250,257.0,174967,161.0,148313.0,1.0,1914.0,8312.0
2021-11-16,Santa Clara,County,1967585.0,219.0,149934.0,1.0,1934.0,23417.0,6463667,256.0,175223,139.0,148452.0,2.0,1916.0,8268.0
2021-11-17,Santa Clara,County,1967585.0,180.0,150114.0,1.0,1935.0,21791.0,6485458,226.0,175449,174.0,148626.0,-1.0,1915.0,16678.0
2021-11-18,Santa Clara,County,1967585.0,164.0,150278.0,0.0,1935.0,19769.0,6505227,189.0,175638,203.0,148829.0,2.0,1917.0,22727.0
2021-11-19,Santa Clara,County,1967585.0,187.0,150465.0,1.0,1936.0,17136.0,6522363,282.0,175920,0.0,148829.0,0.0,1917.0,
2021-11-20,Santa Clara,County,1967585.0,148.0,150613.0,1.0,1937.0,7531.0,6529894,152.0,176072,0.0,148829.0,0.0,1917.0,
2021-11-21,Santa Clara,County,1967585.0,107.0,150720.0,2.0,1939.0,7059.0,6536953,115.0,176187,558.0,149387.0,1.0,1918.0,61292.0
2021-11-22,Santa Clara,County,1967585.0,206.0,150926.0,0.0,1939.0,19283.0,6556236,278.0,176465,154.0,149541.0,1.0,1919.0,
2021-11-23,Santa Clara,County,1967585.0,185.0,151111.0,2.0,1941.0,17984.0,6574220,214.0,176679,159.0,149700.0,3.0,1922.0,23309.0
2021-11-24,Santa Clara,County,1967585.0,212.0,151323.0,0.0,1941.0,11975.0,6586195,216.0,176895,0.0,149700.0,0.0,1922.0,
2021-11-25,Santa Clara,County,1967585.0,96.0,151419.0,1.0,1942.0,1542.0,6587737,34.0,176929,0.0,149700.0,0.0,1922.0,
2021-11-26,Santa Clara,County,1967585.0,157.0,151576.0,2.0,1944.0,7051.0,6594788,191.0,177120,0.0,149700.0,0.0,1922.0,
2021-11-27,Santa Clara,County,1967585.0,168.0,151744.0,0.0,1944.0,7078.0,6601866,179.0,177299,0.0,149700.0,0.0,1922.0,
2021-11-28,Santa Clara,County,1967585.0,207.0,151951.0,0.0,1944.0,7493.0,6609359,187.0,177486,736.0,150436.0,-2.0,1920.0,55885.0
2021-11-29,Santa Clara,County,1967585.0,303.0,152254.0,1.0,1945.0,28410.0,6637769,375.0,177861,184.0,150620.0,5.0,1925.0,6973.0
2021-11-30,Santa Clara,County,1967585.0,272.0,152526.0,3.0,1948.0,23450.0,6661219,322.0,178183,179.0,150799.0,4.0,1929.0,8845.0
2021-12-01,Santa Clara,County,1967585.0,261.0,152787.0,0.0,1948.0,21852.0,6683071,318.0,178501,162.0,150961.0,-4.0,1925.0,15531.0
2021-12-02,Santa Clara,County,1967585.0,218.0,153005.0,2.0,1950.0,21418.0,6704489,293.0,178794,314.0,151275.0,3.0,1928.0,9655.0
2021-12-03,Santa Clara,County,1967585.0,247.0,153252.0,1.0,1951.0,18014.0,6722503,318.0,179112,0.0,151275.0,0.0,1928.0,
2021-12-04,Santa Clara,County,1967585.0,182.0,153434.0,2.0,1953.0,8369.0,6730872,194.0,179306,0.0,151275.0,0.0,1928.0,
2021-12-05,Santa Clara,County,1967585.0,154.0,153588.0,1.0,1954.0,7174.0,6738046,182.0,179488,839.0,152114.0,5.0,1933.0,79838.0
2021-12-06,Santa Clara,County,1967585.0,255.0,153843.0,1.0,1955.0,23951.0,6761997,341.0,179829,196.0,152310.0,4.0,1937.0,11809.0
2021-12-07,Santa Clara,County,1967585.0,210.0,154053.0,3.0,1958.0,23440.0,6785437,281.0,180110,155.0,152465.0,4.0,1941.0,11034.0
2021-12-08,Santa Clara,County,1967585.0,186.0,154239.0,0.0,1958.0,21450.0,6806887,235.0,180345,209.0,152674.0,-4.0,1937.0,18229.0
2021-12-09,Santa Clara,County,1967585.0,162.0,154401.0,0.0,1958.0,20211.0,6827098,230.0,180575,172.0,152846.0,4.0,1941.0,16893.0
2021-12-10,Santa Clara,County,1967585.0,215.0,154616.0,1.0,1959.0,16885.0,6843983,255.0,180830,0.0,152846.0,0.0,1941.0,
2021-12-11,Santa Clara,County,1967585.0,171.0,154787.0,1.0,1960.0,7640.0,6851623,218.0,181048,0.0,152846.0,0.0,1941.0,
2021-12-12,Santa Clara,County,1967585.0,199.0,154986.0,0.0,1960.0,6995.0,6858618,160.0,181208,606.0,153452.0,4.0,1945.0,61698.0
2021-12-13,Santa Clara,County,1967585.0,279.0,155265.0,2.0,1962.0,21898.0,6880516,246.0,181454,220.0,153672.0,-1.0,1944.0,10181.0
2021-12-14,Santa Clara,County,1967585.0,265.0,155530.0,1.0,1963.0,22962.0,6903478,282.0,181736,142.0,153814.0,1.0,1945.0,9965.0
2021-12-15,Santa Clara,County,1967585.0,321.0,155851.0,1.0,1964.0,21444.0,6924922,336.0,182072,114.0,153928.0,-1.0,1944.0,16263.0
2021-12-16,Santa Clara,County,1967585.0,312.0,156163.0,2.0,1966.0,20092.0,6945014,360.0,182432,315.0,154243.0,2.0,1946.0,22133.0
2021-12-17,Santa Clara,County,1967585.0,328.0,156491.0,0.0,1966.0,17392.0,6962406,378.0,182810,0.0,154243.0,0.0,1946.0,
2021-12-18,Santa Clara,County,1967585.0,373.0,156864.0,0.0,1966.0,9399.0,6971805,327.0,183137,0.0,154243.0,0.0,1946.0,
2021-12-19,Santa Clara,County,1967585.0,450.0,157314.0,2.0,1968.0,8300.0,6980105,315.0,183452,806.0,155049.0,4.0,1950.0,55085.0
2021-12-20,Santa Clara,County,1967585.0,891.0,158205.0,2.0,1970.0,18496.0,6998601,770.0,184222,378.0,155427.0,0.0,1950.0,14286.0
2021-12-21,Santa Clara,County,1967585.0,959.0,159164.0,2.0,1972.0,20059.0,7018660,887.0,185109,342.0,155769.0,1.0,1951.0,12988.0
2021-12-22,Santa Clara,County,1967585.0,1020.0,160184.0,0.0,1972.0,20013.0,7038673,1225.0,186334,489.0,156258.0,3.0,1954.0,14583.0
2021-12-23,Santa Clara,County,1967585.0,1117.0,161301.0,3.0,1975.0,19242.0,7057915,1362.0,187696,614.0,156872.0,13.0,1967.0,15477.0
2021-12-24,Santa Clara,County,1967585.0,910.0,162211.0,1.0,1976.0,9301.0,7067216,716.0,188412,0.0,156872.0,0.0,1967.0,
2021-12-25,Santa Clara,County,1967585.0,820.0,163031.0,2.0,1978.0,2431.0,7069647,249.0,188661,0.0,156872.0,0.0,1967.0,
2021-12-26,Santa Clara,County,1967585.0,1483.0,164514.0,0.0,1978.0,10520.0,7080167,1172.0,189833,0.0,156872.0,0.0,1967.0,
2021-12-27,Santa Clara,County,1967585.0,2691.0,167205.0,1.0,1979.0,24085.0,7104252,3124.0,192957,3032.0,159904.0,-6.0,1961.0,53316.0
2021-12-28,Santa Clara,County,1967585.0,2969.0,170174.0,2.0,1981.0,25439.0,7129691,3733.0,196690,907.0,160811.0,1.0,1962.0,13343.0
2021-12-29,Santa Clara,County,1967585.0,3133.0,173307.0,1.0,1982.0,27571.0,7157262,3985.0,200675,1197.0,162008.0,0.0,1962.0,16143.0
2021-12-30,Santa Clara,County,1967585.0,3132.0,176439.0,2.0,1984.0,25268.0,7182530,3794.0,204469,2539.0,164547.0,7.0,1969.0,20936.0
2021-12-31,Santa Clara,County,1967585.0,2273.0,178712.0,0.0,1984.0,15206.0,7197736,2451.0,206920,0.0,164547.0,0.0,1969.0,
2022-01-01,Santa Clara,County,1967585.0,1932.0,180644.0,1.0,1985.0,5886.0,7203622,1022.0,207942,0.0,164547.0,0.0,1969.0,
2022-01-02,Santa Clara,County,1967585.0,3020.0,183664.0,0.0,1985.0,17063.0,7220685,2892.0,210834,0.0,164547.0,0.0,1969.0,
2022-01-03,Santa Clara,County,1967585.0,6139.0,189803.0,4.0,1989.0,49584.0,7270269,6872.0,217706,9668.0,174215.0,-6.0,1963.0,75730.0
2022-01-04,Santa Clara,County,1967585.0,5951.0,195754.0,2.0,1991.0,45024.0,7315293,7353.0,225059,2639.0,176854.0,1.0,1964.0,19059.0
2022-01-05,Santa Clara,County,1967585.0,6005.0,201759.0,3.0,1994.0,44613.0,7359906,7769.0,232828,1775.0,178629.0,-3.0,1961.0,21270.0
2022-01-06,Santa Clara,County,1967585.0,5817.0,207576.0,2.0,1996.0,46170.0,7406076,7411.0,240239,5213.0,183842.0,5.0,1966.0,29610.0
2022-01-07,Santa Clara,County,1967585.0,4935.0,212511.0,4.0,2000.0,40753.0,7446829,6555.0,246794,0.0,183842.0,0.0,1966.0,
2022-01-08,Santa Clara,County,1967585.0,3269.0,215780.0,5.0,2005.0,18971.0,7465800,3902.0,250696,0.0,183842.0,0.0,1966.0,
2022-01-09,Santa Clara,County,1967585.0,3060.0,218840.0,3.0,2008.0,17823.0,7483623,3640.0,254336,16047.0,199889.0,10.0,1976.0,114369.0
2022-01-10,Santa Clara,County,1967585.0,6103.0,224943.0,5.0,2013.0,49939.0,7533562,7775.0,262111,3651.0,203540.0,-5.0,1971.0,24839.0
2022-01-11,Santa Clara,County,1967585.0,5857.0,230800.0,1.0,2014.0,47800.0,7581362,7443.0,269554,4885.0,208425.0,0.0,1971.0,34105.0
2022-01-12,Santa Clara,County,1967585.0,5439.0,236239.0,2.0,2016.0,45168.0,7626530,7192.0,276746,4752.0,213177.0,0.0,1971.0,36378.0
2022-01-13,Santa Clara,County,1967585.0,4537.0,240776.0,2.0,2018.0,42809.0,7669339,6373.0,283119,5809.0,218986.0,3.0,1974.0,42129.0
2022-01-14,Santa Clara,County,1967585.0,4307.0,245083.0,3.0,2021.0,33425.0,7702764,6026.0,289145,0.0,218986.0,0.0,1974.0,
2022-01-15,Santa Clara,County,1967585.0,2605.0,247688.0,5.0,2026.0,15864.0,7718628,3222.0,292367,0.0,218986.0,0.0,1974.0,
2022-01-16,Santa Clara,County,1967585.0,2222.0,249910.0,7.0,2033.0,15102.0,7733730,2798.0,295165,15307.0,234293.0,10.0,1984.0,126063.0
2022-01-17,Santa Clara,County,1967585.0,3738.0,253648.0,2.0,2035.0,28110.0,7761840,5087.0,300252,3641.0,237934.0,1.0,1985.0,28230.0
2022-01-18,Santa Clara,County,1967585.0,4561.0,258209.0,6.0,2041.0,48134.0,7809974,6193.0,306445,2347.0,240281.0,1.0,1986.0,24430.0
2022-01-19,Santa Clara,County,1967585.0,4184.0,262393.0,10.0,2051.0,41563.0,7851537,5582.0,312027,4641.0,244922.0,5.0,1991.0,29748.0
2022-01-20,Santa Clara,County,1967585.0,3785.0,266178.0,8.0,2059.0,41403.0,7892940,5365.0,317392,4283.0,249205.0,2.0,1993.0,37223.0
2022-01-21,Santa Clara,County,1967585.0,3373.0,269551.0,8.0,2067.0,32065.0,7925005,4617.0,322009,0.0,249205.0,0.0,1993.0,
2022-01-22,Santa Clara,County,1967585.0,1853.0,271404.0,6.0,2073.0,13804.0,7938809,2371.0,324380,0.0,249205.0,0.0,1993.0,
2022-01-23,Santa Clara,County,1967585.0,1710.0,273114.0,6.0,2079.0,13163.0,7951972,2309.0,326689,12786.0,261991.0,12.0,2005.0,121355.0
2022-01-24,Santa Clara,County,1967585.0,3359.0,276473.0,1.0,2080.0,39669.0,7991641,4929.0,331618,3350.0,265341.0,1.0,2006.0,31690.0
2022-01-25,Santa Clara,County,1967585.0,2930.0,279403.0,11.0,2091.0,38239.0,8029880,4199.0,335817,2690.0,268031.0,0.0,2006.0,18903.0
2022-01-26,Santa Clara,County,1967585.0,2657.0,282060.0,3.0,2094.0,39831.0,8069711,3814.0,339631,2439.0,270470.0,9.0,2015.0,29709.0
2022-01-27,Santa Clara,County,1967585.0,2129.0,284189.0,4.0,2098.0,38351.0,8108062,3375.0,343006,3409.0,273879.0,4.0,2019.0,39896.0
2022-01-28,Santa Clara,County,1967585.0,2096.0,286285.0,8.0,2106.0,29410.0,8137472,3244.0,346250,0.0,273879.0,0.0,2019.0,
2022-01-29,Santa Clara,County,1967585.0,1209.0,287494.0,9.0,2115.0,11227.0,8148699,1761.0,348011,0.0,273879.0,0.0,2019.0,
2022-01-30,Santa Clara,County,1967585.0,950.0,288444.0,10.0,2125.0,10458.0,8159157,1474.0,349485,8967.0,282846.0,16.0,2035.0,116193.0
2022-01-31,Santa Clara,County,1967585.0,1991.0,290435.0,2.0,2127.0,37426.0,8196583,3058.0,352543,1716.0,284562.0,6.0,2041.0,17102.0
2022-02-01,Santa Clara,County,1967585.0,1692.0,292127.0,1.0,2128.0,34485.0,8231068,2310.0,354853,1547.0,286109.0,29.0,2070.0,18667.0
2022-02-02,Santa Clara,County,1967585.0,1543.0,293670.0,5.0,2133.0,31675.0,8262743,2284.0,357137,1334.0,287443.0,-19.0,2051.0,26071.0
2022-02-03,Santa Clara,County,1967585.0,1152.0,294822.0,4.0,2137.0,32528.0,8295271,1765.0,358902,1819.0,289262.0,16.0,2067.0,35488.0
2022-02-04,Santa Clara,County,1967585.0,1183.0,296005.0,6.0,2143.0,24700.0,8319971,1751.0,360653,0.0,289262.0,0.0,2067.0,
2022-02-05,Santa Clara,County,1967585.0,674.0,296679.0,3.0,2146.0,7727.0,8327698,948.0,361601,0.0,289262.0,0.0,2067.0,
2022-02-06,Santa Clara,County,1967585.0,660.0,297339.0,7.0,2153.0,8340.0,8336038,846.0,362447,2470.0,291732.0,8.0,2075.0,87585.0
2022-02-07,Santa Clara,County,1967585.0,1128.0,298467.0,3.0,2156.0,33954.0,8369992,1708.0,364155,1628.0,293360.0,10.0,2085.0,23804.0
2022-02-08,Santa Clara,County,1967585.0,959.0,299426.0,2.0,2158.0,31174.0,8401166,1315.0,365470,2319.0,295679.0,6.0,2091.0,19618.0
2022-02-09,Santa Clara,County,1967585.0,872.0,300298.0,4.0,2162.0,28901.0,8430067,1310.0,366780,1478.0,297157.0,-1.0,2090.0,26585.0
2022-02-10,Santa Clara,County,1967585.0,732.0,301030.0,3.0,2165.0,28870.0,8458937,1057.0,367837,1019.0,298176.0,3.0,2093.0,32798.0
2022-02-11,Santa Clara,County,1967585.0,688.0,301718.0,2.0,2167.0,22090.0,8481027,995.0,368832,0.0,298176.0,0.0,2093.0,
2022-02-12,Santa Clara,County,1967585.0,430.0,302148.0,5.0,2172.0,6539.0,8487566,656.0,369488,0.0,298176.0,0.0,2093.0,
2022-02-13,Santa Clara,County,1967585.0,348.0,302496.0,5.0,2177.0,6193.0,8493759,492.0,369980,2236.0,300412.0,21.0,2114.0,67893.0
2022-02-14,Santa Clara,County,1967585.0,655.0,303151.0,2.0,2179.0,29405.0,8523164,915.0,370895,907.0,301319.0,13.0,2127.0,23675.0
2022-02-15,Santa Clara,County,1967585.0,545.0,303696.0,5.0,2184.0,29611.0,8552775,763.0,371658,512.0,301831.0,3.0,2130.0,12430.0
2022-02-16,Santa Clara,County,1967585.0,501.0,304197.0,3.0,2187.0,26259.0,8579034,729.0,372387,608.0,302439.0,0.0,2130.0,20043.0
2022-02-17,Santa Clara,County,1967585.0,383.0,304580.0,4.0,2191.0,25462.0,8604496,536.0,372923,638.0,303077.0,8.0,2138.0,30626.0
2022-02-18,Santa Clara,County,1967585.0,364.0,304944.0,1.0,2192.0,17766.0,8622262,552.0,373475,0.0,303077.0,0.0,2138.0,
2022-02-19,Santa Clara,County,1967585.0,238.0,305182.0,1.0,2193.0,4955.0,8627217,313.0,373788,0.0,303077.0,0.0,2138.0,
2022-02-20,Santa Clara,County,1967585.0,196.0,305378.0,7.0,2200.0,4741.0,8631958,252.0,374040,0.0,303077.0,0.0,2138.0,
2022-02-21,Santa Clara,County,1967585.0,280.0,305658.0,3.0,2203.0,9628.0,8641586,399.0,374439,1781.0,304858.0,20.0,2158.0,84379.0
2022-02-22,Santa Clara,County,1967585.0,343.0,306001.0,5.0,2208.0,19443.0,8661029,489.0,374928,187.0,305045.0,-3.0,2155.0,6551.0
2022-02-23,Santa Clara,County,1967585.0,282.0,306283.0,6.0,2214.0,15370.0,8676399,405.0,375333,439.0,305484.0,2.0,2157.0,9537.0
2022-02-24,Santa Clara,County,1967585.0,259.0,306542.0,2.0,2216.0,16903.0,8693302,364.0,375697,411.0,305895.0,9.0,2166.0,26090.0
2022-02-25,Santa Clara,County,1967585.0,244.0,306786.0,3.0,2219.0,12089.0,8705391,347.0,376044,0.0,305895.0,0.0,2166.0,
2022-02-26,Santa Clara,County,1967585.0,184.0,306970.0,0.0,2219.0,5363.0,8710754,246.0,376290,0.0,305895.0,0.0,2166.0,
2022-02-27,Santa Clara,County,1967585.0,152.0,307122.0,2.0,2221.0,5773.0,8716527,193.0,376483,861.0,306756.0,14.0,2180.0,45572.0
2022-02-28,Santa Clara,County,1967585.0,292.0,307414.0,2.0,2223.0,26410.0,8742937,419.0,376902,174.0,306930.0,0.0,2180.0,6896.0
2022-03-01,Santa Clara,County,1967585.0,276.0,307690.0,2.0,2225.0,23949.0,8766886,366.0,377268,48.0,306978.0,10.0,2190.0,7303.0
2022-03-02,Santa Clara,County,1967585.0,249.0,307939.0,1.0,2226.0,18917.0,8785803,321.0,377589,376.0,307354.0,-6.0,2184.0,20071.0
2022-03-03,Santa Clara,County,1967585.0,222.0,308161.0,1.0,2227.0,22067.0,8807870,321.0,377910,335.0,307689.0,11.0,2195.0,25111.0
2022-03-04,Santa Clara,County,1967585.0,184.0,308345.0,1.0,2228.0,15389.0,8823259,263.0,378173,0.0,307689.0,0.0,2195.0,
2022-03-05,Santa Clara,County,1967585.0,148.0,308493.0,2.0,2230.0,3867.0,8827126,159.0,378332,0.0,307689.0,0.0,2195.0,
2022-03-06,Santa Clara,County,1967585.0,118.0,308611.0,3.0,2233.0,4337.0,8831463,132.0,378464,561.0,308250.0,6.0,2201.0,
2022-03-07,Santa Clara,County,1967585.0,257.0,308868.0,2.0,2235.0,21548.0,8853011,341.0,378805,267.0,308517.0,1.0,2202.0,64615.0
2022-03-08,Santa Clara,County,1967585.0,189.0,309057.0,2.0,2237.0,22066.0,8875077,261.0,379066,11.0,308528.0,4.0,2206.0,6228.0
2022-03-09,Santa Clara,County,1967585.0,208.0,309265.0,3.0,2240.0,18134.0,8893211,281.0,379347,237.0,308765.0,0.0,2206.0,18374.0
2022-03-10,Santa Clara,County,1967585.0,128.0,309393.0,2.0,2242.0,17318.0,8910529,191.0,379538,224.0,308989.0,2.0,2208.0,21993.0
2022-03-11,Santa Clara,County,1967585.0,130.0,309523.0,0.0,2242.0,13849.0,8924378,215.0,379753,0.0,308989.0,0.0,2208.0,
2022-03-12,Santa Clara,County,1967585.0,104.0,309627.0,3.0,2245.0,4090.0,8928468,129.0,379882,0.0,308989.0,0.0,2208.0,
2022-03-13,Santa Clara,County,1967585.0,99.0,309726.0,0.0,2245.0,3784.0,8932252,105.0,379987,504.0,309493.0,17.0,2225.0,49011.0
2022-03-14,Santa Clara,County,1967585.0,168.0,309894.0,0.0,2245.0,18799.0,8951051,247.0,380234,107.0,309600.0,-2.0,2223.0,5132.0
2022-03-15,Santa Clara,County,1967585.0,191.0,310085.0,0.0,2245.0,19948.0,8970999,225.0,380459,-65.0,309535.0,1.0,2224.0,6969.0
2022-03-16,Santa Clara,County,1967585.0,162.0,310247.0,0.0,2245.0,17097.0,8988096,239.0,380698,154.0,309689.0,0.0,2224.0,12687.0
2022-03-17,Santa Clara,County,1967585.0,184.0,310431.0,0.0,2245.0,17470.0,9005566,224.0,380922,229.0,309918.0,1.0,2225.0,14621.0
2022-03-18,Santa Clara,County,1967585.0,118.0,310549.0,1.0,2246.0,13733.0,9019299,183.0,381105,0.0,309918.0,0.0,2225.0,
2022-03-19,Santa Clara,County,1967585.0,102.0,310651.0,0.0,2246.0,3580.0,9022879,128.0,381233,0.0,309918.0,0.0,2225.0,
2022-03-20,Santa Clara,County,1967585.0,115.0,310766.0,3.0,2249.0,3520.0,9026399,132.0,381365,494.0,310412.0,18.0,2243.0,49725.0
2022-03-21,Santa Clara,County,1967585.0,209.0,310975.0,1.0,2250.0,17748.0,9044147,241.0,381606,97.0,310509.0,2.0,2245.0,4956.0
2022-03-22,Santa Clara,County,1967585.0,269.0,311244.0,0.0,2250.0,18917.0,9063064,332.0,381938,278.0,310787.0,4.0,2249.0,13494.0
2022-03-23,Santa Clara,County,1967585.0,169.0,311413.0,0.0,2250.0,15124.0,9078188,206.0,382144,169.0,310956.0,1.0,2250.0,12241.0
2022-03-24,Santa Clara,County,1967585.0,161.0,311574.0,0.0,2250.0,17435.0,9095623,213.0,382357,233.0,311189.0,0.0,2250.0,17172.0
2022-03-25,Santa Clara,County,1967585.0,145.0,311719.0,0.0,2250.0,14112.0,9109735,185.0,382542,0.0,311189.0,0.0,2250.0,
2022-03-26,Santa Clara,County,1967585.0,150.0,311869.0,1.0,2251.0,3703.0,9113438,159.0,382701,0.0,311189.0,0.0,2250.0,
2022-03-27,Santa Clara,County,1967585.0,154.0,312023.0,0.0,2251.0,4234.0,9117672,173.0,382874,633.0,311822.0,7.0,2257.0,41926.0
2022-03-28,Santa Clara,County,1967585.0,210.0,312233.0,1.0,2252.0,19636.0,9137308,274.0,383148,131.0,311953.0,0.0,2257.0,6447.0
2022-03-29,Santa Clara,County,1967585.0,237.0,312470.0,0.0,2252.0,19727.0,9157035,305.0,383453,114.0,312067.0,2.0,2259.0,13922.0
2022-03-30,Santa Clara,County,1967585.0,242.0,312712.0,0.0,2252.0,15386.0,9172421,309.0,383762,186.0,312253.0,-1.0,2258.0,13868.0
2022-03-31,Santa Clara,County,1967585.0,177.0,312889.0,0.0,2252.0,14081.0,9186502,254.0,384016,264.0,312517.0,0.0,2258.0,15424.0
2022-04-01,Santa Clara,County,1967585.0,215.0,313104.0,0.0,2252.0,13946.0,9200448,241.0,384257,0.0,312517.0,0.0,2258.0,
2022-04-02,Santa Clara,County,1967585.0,139.0,313243.0,0.0,2252.0,3814.0,9204262,156.0,384413,0.0,312517.0,0.0,2258.0,
2022-04-03,Santa Clara,County,1967585.0,160.0,313403.0,0.0,2252.0,3519.0,9207781,174.0,384587,0.0,312517.0,0.0,2258.0,
2022-04-04,Santa Clara,County,1967585.0,287.0,313690.0,0.0,2252.0,16123.0,9223904,350.0,384937,761.0,313278.0,7.0,2265.0,51380.0
2022-04-05,Santa Clara,County,1967585.0,257.0,313947.0,0.0,2252.0,16213.0,9240117,288.0,385225,0.0,313278.0,0.0,2265.0,
2022-04-06,Santa Clara,County,1967585.0,246.0,314193.0,0.0,2252.0,12850.0,9252967,326.0,385551,0.0,313278.0,0.0,2265.0,
2022-04-07,Santa Clara,County,1967585.0,187.0,314380.0,0.0,2252.0,14422.0,9267389,259.0,385810,687.0,313965.0,1.0,2266.0,35842.0
2022-04-08,Santa Clara,County,1967585.0,192.0,314572.0,0.0,2252.0,11592.0,9278981,274.0,386084,0.0,313965.0,0.0,2266.0,
2022-04-09,Santa Clara,County,1967585.0,125.0,314697.0,0.0,2252.0,3432.0,9282413,171.0,386255,0.0,313965.0,0.0,2266.0,
2022-04-10,Santa Clara,County,1967585.0,123.0,314820.0,0.0,2252.0,3477.0,9285890,196.0,386451,0.0,313965.0,0.0,2266.0,
2022-04-11,Santa Clara,County,1967585.0,225.0,315045.0,0.0,2252.0,15930.0,9301820,307.0,386758,0.0,313965.0,0.0,2266.0,
2022-04-12,Santa Clara,County,1967585.0,244.0,315289.0,0.0,2252.0,8963.0,9310783,287.0,387045,898.0,314863.0,1.0,2267.0,
2022-04-13,Santa Clara,County,1967585.0,18.0,315307.0,0.0,2252.0,886.0,9311669,22.0,387067,0.0,314863.0,0.0,2267.0,51253.0
2022-04-14,Santa Clara,County,1967585.0,0.0,315307.0,0.0,2252.0,,9311669,,387067,433.0,315296.0,1.0,2268.0,29986.0
,Santa Clara,County,1967585.0,25.0,315332.0,16.0,2268.0,903.0,9312572,24.0,387091,0.0,315296.0,0.0,2268.0,
